salary_delay_days,salary_amount_variance,salary_frequency_irregular,savings_drawdown_rate_4w,savings_balance_trend_slope,emergency_fund_days,upi_lending_app_txn_count_30d,upi_lending_app_amount_30d,upi_lending_app_diversity,utility_payment_delay_avg,bill_payment_delay_max,discretionary_spend_pct_change,essential_spend_ratio,atm_withdrawal_spike_30d,has_loan,emi_to_income_ratio,loan_to_income_ratio,age,monthly_income,employment_type_GIG_WORKER,employment_type_SALARIED,employment_type_SELF_EMPLOYED,city_tier_TIER_2,city_tier_TIER_3
0.0,-0.00021312715,0.0,0.0045186486,0.006157503,-0.044868954,0.0,-0.00035436603,0.0,0.018309213,0.0,-0.00031137755,-0.0065297326,0.0012436687,0.0,-3.7031434e-05,-0.00035065186,0.0006624266,0.0003121309,0.0,0.0,0.0,0.0,0.00027398457
0.0,-0.00097208784,0.0,0.00082809106,0.006627496,-0.05277374,0.0,-0.00035436603,0.0,-0.13792588,0.0,-0.00031137755,-0.0047562136,0.0012436687,0.0,6.351549e-05,-0.002849778,0.00018699338,0.00011891942,0.0,0.0,0.0,0.0,-0.00046808118
0.0,0.009014375,0.0,-0.00090679247,0.0033752343,0.06382725,0.0,0.00096366386,0.0,0.12974697,0.0,-0.00027567576,0.00847964,0.0005846538,0.0,-0.000112155045,0.0033699665,0.00015681246,0.00011891942,0.0,0.0,0.0,0.0,0.00045459825
0.0,0.009014375,0.0,-0.0007298237,0.0033752343,0.063923985,0.0,0.0020384404,0.0,0.13452834,0.0,-0.00014305294,0.007478738,-0.0007194777,0.0,-3.7031434e-05,-0.0006626048,0.00015681246,0.00011891942,0.0,0.0,0.0,0.0,0.00045459825
0.0,0.009014375,0.0,-0.0007298237,0.00326968,0.064100854,0.0,0.00096366386,0.0,0.13819358,0.0,0.0006727832,0.0031433343,0.0010609839,0.0,-3.7031434e-05,-0.0006626048,0.00015681246,0.00011891942,0.0,0.0,0.0,0.0,-0.00046808118
0.0,-0.0002339295,0.0,0.0045351028,0.0027996865,-0.013791296,0.0,-0.001170285,0.0,0.010844668,0.0,-0.0017853137,0.0037336429,0.0075128293,0.0,-3.7031434e-05,-0.0006626048,0.0017429257,-0.00044425012,0.0,0.0,0.0,0.0,-0.0012147739
0.0,-0.0003488319,0.0,0.00085411745,0.006157503,-0.052996077,0.0,-0.00035436603,0.0,-0.13894019,0.0,-0.00031137755,-0.006249612,0.0012436687,0.0,-7.003697e-05,-0.0007391213,0.00018699338,0.00011891942,0.0,0.0,0.0,0.0,0.00010557275
0.0,0.009014375,0.0,-0.0007298237,0.0033752343,0.063923985,0.0,0.0020384404,0.0,0.13452834,0.0,-0.00014305294,0.007478738,-0.0007194777,0.0,-3.7031434e-05,-0.0006626048,0.00015681246,0.00011891942,0.0,0.0,0.0,0.0,0.00045459825
0.0,-0.0001367922,0.0,0.0045351028,0.013221907,-0.035871312,0.0,-0.00035436603,0.0,0.018073596,0.0,-0.00031137755,0.013982259,0.0012436687,0.0,-3.7031434e-05,-0.0006626048,0.0006624266,0.0003121309,0.0,0.0,0.0,0.0,0.00027398457
0.0,-0.0002339295,0.0,-0.0028811283,0.00326968,-0.011650577,0.0,0.0031824762,0.0,0.007227021,0.0,-0.0017853137,0.0034986464,0.0007843517,0.0,-3.7031434e-05,-0.0006626048,0.00043610283,0.0003121309,0.0,0.0,0.0,0.0,-0.0012147739
0.0,-0.00097208784,0.0,-0.0016152665,-0.0072430656,-0.055088956,0.0,-0.00074959133,0.0,-0.12708917,0.0,-0.0005912598,0.005358429,-0.0015304646,0.0,0.00031380955,0.014493788,-0.0034943237,0.0012894961,0.0,0.0,0.0,0.0,0.00010557275
0.0,-0.0002339295,0.0,-0.0028811283,0.00326968,-0.014026293,0.0,-0.001170285,0.0,0.007855296,0.0,-0.0017853137,0.0013816103,0.0075128293,0.0,-3.7031434e-05,-0.0006626048,0.00043610283,0.0003121309,0.0,0.0,0.0,0.0,0.00027398457
0.0,-0.0002339295,0.0,-0.0028975822,0.0021060742,-0.0056916564,0.0,0.0031824762,0.0,0.008167249,0.0,-0.0017853137,-0.004021155,0.0007843517,0.0,-3.7031434e-05,-0.00035065186,0.00043610283,0.0003121309,0.0,0.0,0.0,0.0,0.00027398457
0.0,-0.0003488319,0.0,-0.0012455833,-0.0072430656,-0.05554629,0.0,-0.00074959133,0.0,-0.1301355,0.0,-0.0005912598,0.005358429,-0.0015304646,0.0,0.00031380955,0.014493788,0.00018699338,0.00011891942,0.0,0.0,0.0,0.0,0.00010557275
0.0,0.009014375,0.0,-0.0010735828,0.00326968,0.065321654,0.0,0.00096366386,0.0,0.13295859,0.0,-0.00022694151,0.0040126643,0.0005846538,0.0,0.00010171174,0.0034896801,0.00015681246,0.00011891942,0.0,0.0,0.0,0.0,0.00010557275
0.0,-0.0002339295,0.0,-0.0029046668,0.00326968,-0.014026293,0.0,-0.001170285,0.0,0.007831759,0.0,-0.0017853137,0.0013816103,0.0075128293,0.0,3.3583252e-05,-0.00068614306,0.00043610283,0.0003121309,0.0,0.0,0.0,0.0,0.00027398457
0.0,-0.0008386152,0.0,0.00085411745,-0.0072430656,-0.058223635,0.0,-0.00035436603,0.0,-0.1388098,0.0,-0.0007238826,-0.0025777328,0.0012436687,0.0,-7.003697e-05,-0.0007391213,0.00018699338,0.00011891942,0.0,0.0,0.0,0.0,0.00010557275
0.0,-0.0002339295,0.0,-0.0028975822,0.0021060742,0.0017063046,0.0,-0.001170285,0.0,0.008167249,0.0,0.012934395,-0.004021155,0.012376111,0.0,-3.7031434e-05,-0.00035065186,0.00043610283,0.0003121309,0.0,0.0,0.0,0.0,0.00027398457
0.0,-0.0002339295,0.0,-0.0028811283,0.0036199212,0.016796209,0.0,-0.00074959133,0.0,0.007227021,0.0,0.0014579907,-0.0018923748,-0.0015304646,0.0,-3.7031434e-05,-0.0006626048,0.00043610283,0.0003121309,0.0,0.0,0.0,0.0,-0.0012147739
0.0,-0.00097208784,0.0,0.00085411745,0.006157503,-0.049502004,0.0,-0.00074959133,0.0,-0.13877428,0.0,-0.00017875468,-0.006249612,-0.0015304646,0.0,-7.003697e-05,-0.0007391213,0.00018699338,0.00011891942,0.0,0.0,0.0,0.0,0.00010557275
0.0,-0.00097208784,0.0,0.0007676415,-0.0072430656,-0.055088956,0.0,-0.00074959133,0.0,-0.13859078,0.0,-0.0005912598,-0.0025777328,-0.0015304646,0.0,6.351549e-05,-0.0008255973,0.00033108098,-0.00016925579,0.0,0.0,0.0,0.0,0.00010557275
0.0,0.009014375,0.0,-0.000753362,0.00326968,0.065418385,0.0,0.0020384404,0.0,0.13788322,0.0,-9.431872e-05,0.003011762,-0.0007194777,0.0,3.3583252e-05,-0.00068614306,0.00015681246,0.00011891942,0.0,0.0,0.0,0.0,0.00010557275
0.0,-0.0002339295,0.0,-0.0029046668,0.0012600082,-0.01680439,0.0,-0.001170285,0.0,0.006295304,0.0,0.0023964045,0.0047463244,0.0075128293,0.0,3.3583252e-05,-0.00068614306,0.00043610283,0.0003121309,0.0,0.0,0.0,0.0,-0.012636581
0.0,0.03231569,0.0,0.00085411745,-0.0072430656,-0.053698126,0.0,-0.00035436603,0.0,-0.123212606,0.0,-0.0007238826,-0.0025777328,0.0012436687,0.0,-7.003697e-05,-0.0007391213,0.00018699338,0.00011891942,0.0,0.0,0.0,0.0,0.00010557275
0.0,-0.00097208784,0.0,-0.00080757495,0.006157503,-0.05253874,0.0,-0.00035436603,0.0,-0.13649979,0.0,-0.00031137755,-0.004808044,0.0012436687,0.0,-7.003697e-05,-0.002763302,0.00015681246,0.00011891942,0.0,0.0,0.0,0.0,0.00010557275
0.0,-0.00097208784,0.0,0.00085411745,0.006157503,-0.05217331,0.0,-0.00074959133,0.0,-0.13566637,0.0,-0.00017875468,-0.0061125546,-0.0015304646,0.0,-7.003697e-05,-0.0007391213,0.00018699338,0.00011891942,0.0,0.0,0.0,0.0,-0.00046808118
0.0,-0.0008386152,0.0,-0.0008680244,0.006157503,-0.052636683,0.0,-0.00035436603,0.0,-0.13705748,0.0,-0.00031137755,-0.006249612,0.0012436687,0.0,-7.003697e-05,-0.0007391213,0.00015681246,0.00011891942,0.0,0.0,0.0,0.0,0.00010557275
0.0,-0.0008386152,0.0,0.00085411745,-0.0072430656,-0.058223635,0.0,-0.00035436603,0.0,-0.1388098,0.0,-0.0007238826,-0.0025777328,0.0012436687,0.0,-7.003697e-05,-0.0007391213,0.00018699338,0.00011891942,0.0,0.0,0.0,0.0,0.00010557275
0.0,-0.0008386152,0.0,0.00085411745,0.006157503,-0.049599946,0.0,-0.00074959133,0.0,-0.13852298,0.0,-0.00017875468,-0.005962785,-0.0015304646,0.0,-7.003697e-05,-0.0007391213,0.00018699338,0.00011891942,0.0,0.0,0.0,0.0,-0.00046808118
0.0,0.009014375,0.0,-0.0007298237,0.0012600082,0.061808757,0.0,0.0020384404,0.0,0.13452834,0.0,0.0040873997,0.007478738,-0.0007194777,0.0,-3.7031434e-05,-0.0006626048,0.00015681246,0.00011891942,0.0,0.0,0.0,0.0,0.00045459825
0.0,-0.0002339295,0.0,-0.0028975822,0.0021060742,-0.0056916564,0.0,0.0031824762,0.0,0.008167249,0.0,-0.0017853137,-0.004021155,0.0007843517,0.0,-3.7031434e-05,-0.00035065186,0.00043610283,0.0003121309,0.0,0.0,0.0,0.0,0.00027398457
0.0,-0.0002339295,0.0,-0.0028811283,0.0021060742,0.003196687,0.0,-0.001170285,0.0,0.007855296,0.0,0.011599268,-0.0035689578,0.012376111,0.0,-3.7031434e-05,-0.0006626048,0.00043610283,0.0003121309,0.0,0.0,0.0,0.0,0.00027398457
0.0,-0.0003488319,0.0,0.00091456703,-0.014592587,-0.053687386,0.0,-0.00074959133,0.0,-0.13841802,0.0,-0.0005912598,0.0043544504,-0.0015304646,0.0,-7.003697e-05,-0.002763302,0.00018699338,0.00011891942,0.0,0.0,0.0,0.0,0.00010557275
0.0,-0.0008386152,0.0,0.00085411745,-0.0072430656,-0.058223635,0.0,-0.00035436603,0.0,-0.1388098,0.0,-0.0007238826,-0.0025777328,0.0012436687,0.0,-7.003697e-05,-0.0007391213,0.00018699338,0.00011891942,0.0,0.0,0.0,0.0,0.00010557275
0.0,-0.0002339295,0.0,-0.003174689,0.0016360807,-0.0054566613,0.0,0.0031824762,0.0,0.0072830543,0.0,-0.0017853137,-0.0046837814,0.0007843517,0.0,-0.000112155045,0.0017833943,0.00043610283,0.0003121309,0.0,0.0,0.0,0.0,0.00027398457
0.0,-0.0002339295,0.0,-0.0029046668,0.0036199212,0.013100457,0.0,0.00096366386,0.0,0.007203483,0.0,0.001325368,-0.0018923748,0.0005846538,0.0,3.3583252e-05,-0.00068614306,0.00043610283,0.0003121309,0.0,0.0,0.0,0.0,-0.0012147739
0.0,-0.0003488319,0.0,0.00013324997,-0.0072430656,-0.05554629,0.0,-0.00074959133,0.0,-0.13012788,0.0,-0.0005912598,0.0056452565,-0.0015304646,0.0,-0.0003460301,0.014053976,0.00018699338,0.00011891942,0.0,0.0,0.0,0.0,-0.00046808118
0.0,-0.0002339295,0.0,-0.0028975822,0.0021060742,0.0055724015,0.0,0.0031824762,0.0,0.008167249,0.0,0.011599268,-0.00417641,0.005647634,0.0,-3.7031434e-05,-0.00035065186,0.00043610283,0.0003121309,0.0,0.0,0.0,0.0,0.00027398457
0.0,-0.0003488319,0.0,0.0021109392,-0.0072430656,-0.05980383,0.0,-0.00035436603,0.0,-0.12923451,0.0,0.00017584208,-0.0016094573,0.0017199988,0.0,-0.000522604,-0.004044486,-0.0061868723,-0.0018353157,0.0,0.0,0.0,0.0,0.00010557275
0.0,0.03231569,0.0,0.0007676415,-0.0072430656,-0.053698126,0.0,-0.00035436603,0.0,-0.12302913,0.0,-0.0007238826,-0.0025777328,0.0012436687,0.0,6.351549e-05,-0.0008255973,0.00033108098,-0.00016925579,0.0,0.0,0.0,0.0,0.00010557275
0.0,-0.0002339295,0.0,-0.0029046668,0.00326968,-0.024973573,0.0,-0.005205496,0.0,0.007831759,0.0,-0.00043124825,0.0013816103,-0.009245323,0.0,3.3583252e-05,-0.00068614306,0.00043610283,0.0003121309,0.0,0.0,0.0,0.0,0.00027398457
0.0,-0.0002339295,0.0,-0.0028811283,0.0036199212,0.016796209,0.0,-0.00074959133,0.0,0.007855296,0.0,0.0014579907,-0.0040094107,-0.0015304646,0.0,-3.7031434e-05,-0.0006626048,0.00043610283,0.0003121309,0.0,0.0,0.0,0.0,0.00027398457
0.0,-0.00097208784,0.0,0.0005448838,0.006157503,-0.05253874,0.0,-0.00035436603,0.0,-0.1292675,0.0,-0.00031137755,-0.0045212167,0.0012436687,0.0,-7.003697e-05,-0.002763302,-0.0061868723,-0.0018353157,0.0,0.0,0.0,0.0,-0.00046808118
0.0,-0.00097208784,0.0,-0.00080757495,0.0033752343,-0.025178906,0.0,-0.005205496,0.0,-0.13705713,0.0,-0.0004799825,0.007918484,-0.009245323,0.0,-7.003697e-05,-0.002763302,0.00015681246,0.00011891942,0.0,0.0,0.0,0.0,0.00045459825
0.0,-0.0003488319,0.0,-0.0008680244,0.006627496,-0.053231075,0.0,-0.00035436603,0.0,-0.13675696,0.0,-0.00031137755,-0.006197782,0.0012436687,0.0,-7.003697e-05,-0.0007391213,0.00030090005,-0.00016925579,0.0,0.0,0.0,0.0,-0.00046808118
0.0,-0.0002339295,0.0,-0.0007298237,0.0033752343,0.062299516,0.0,0.00096366386,0.0,0.14530438,0.0,-0.00027567576,0.007478738,0.0005846538,0.0,-3.7031434e-05,-0.0006626048,0.00015681246,0.00011891942,0.0,0.0,0.0,0.0,0.00045459825
0.0,0.009014375,0.0,-0.0028811283,0.006157503,-0.057682574,0.0,-0.00035436603,0.0,-0.0032448606,0.0,0.0019234743,-0.007027711,0.0017199988,0.0,-3.7031434e-05,-0.0006626048,0.001516602,-0.00044425012,0.0,0.0,0.0,0.0,0.00027398457
0.0,-0.00097208784,0.0,0.00085411745,0.006157503,-0.05253874,0.0,-0.00035436603,0.0,-0.13877428,0.0,-0.00031137755,-0.006249612,0.0012436687,0.0,-7.003697e-05,-0.0007391213,0.00018699338,0.00011891942,0.0,0.0,0.0,0.0,0.00010557275
0.0,-0.0003488319,0.0,0.018151445,-0.0072430656,-0.05554629,0.0,-0.00074959133,0.0,-0.12761903,0.0,-0.0005912598,-0.0035675827,-0.0015304646,0.0,-0.0075620725,0.017809298,0.00018699338,0.00011891942,0.0,0.0,0.0,0.0,-0.00046808118
0.0,-0.00097208784,0.0,-0.0008940509,0.0136919,-0.04362342,0.0,-0.00035436603,0.0,-0.1363163,0.0,-0.00031137755,0.014861499,0.0012436687,0.0,6.351549e-05,-0.002849778,0.00030090005,-0.00016925579,0.0,0.0,0.0,0.0,0.00010557275
0.0,-0.0008386152,0.0,0.00091456703,-0.014592587,-0.05636473,0.0,-0.00035436603,0.0,-0.13828763,0.0,-0.0007238826,0.0043544504,0.0012436687,0.0,-7.003697e-05,-0.002763302,0.00018699338,0.00011891942,0.0,0.0,0.0,0.0,0.00010557275
0.0,-0.0002339295,0.0,-0.000753362,0.0033752343,0.062299516,0.0,0.00096366386,0.0,0.14528084,0.0,-0.00027567576,0.007478738,0.0005846538,0.0,3.3583252e-05,-0.00068614306,0.00015681246,0.00011891942,0.0,0.0,0.0,0.0,0.00045459825
0.0,-0.0003488319,0.0,-0.0009545004,0.006157503,-0.052996077,0.0,-0.00035436603,0.0,-0.13714847,0.0,-0.00031137755,-0.006249612,0.0012436687,0.0,6.351549e-05,-0.0008255973,0.00015681246,0.00011891942,0.0,0.0,0.0,0.0,0.00010557275
0.0,-0.0002339295,0.0,-0.0007298237,0.0033752343,-0.014336273,0.0,-0.001170285,0.0,0.14530438,0.0,-0.001834048,0.007478738,0.0075128293,0.0,-3.7031434e-05,-0.0006626048,0.00015681246,0.00011891942,0.0,0.0,0.0,0.0,0.00045459825
0.0,-0.0002339295,0.0,-0.0028811283,0.0024563156,0.022755127,0.0,-0.00074959133,0.0,0.0075311777,0.0,0.0014579907,-0.008804725,-0.0015304646,0.0,-3.7031434e-05,-0.0006626048,0.001516602,-0.00044425012,0.0,0.0,0.0,0.0,0.00027398457
0.0,-0.0002339295,0.0,-0.000753362,0.0012600082,0.060184292,0.0,0.00096366386,0.0,0.14528084,0.0,0.0039547766,0.007478738,0.0005846538,0.0,3.3583252e-05,-0.00068614306,0.00015681246,0.00011891942,0.0,0.0,0.0,0.0,0.00045459825
0.0,-0.0002339295,0.0,-0.0007298237,0.00326968,0.06379392,0.0,0.00096366386,0.0,0.1486828,0.0,-0.00022694151,0.003011762,0.0005846538,0.0,-3.7031434e-05,-0.0006626048,0.00015681246,0.00011891942,0.0,0.0,0.0,0.0,0.00010557275
0.0,-0.00097208784,0.0,-0.0008680244,0.006627496,-0.0524083,0.0,-0.00074959133,0.0,-0.13391405,0.0,-0.00017875468,-0.0063475515,-0.0015304646,0.0,-7.003697e-05,-0.0007391213,0.00015681246,0.00011891942,0.0,0.0,0.0,0.0,-0.00046808118
0.0,-0.0008386152,0.0,0.00091456703,-0.0072430656,-0.055186898,0.0,-0.00074959133,0.0,-0.13828763,0.0,-0.0005912598,-0.0011361646,-0.0015304646,0.0,-7.003697e-05,-0.002763302,0.00018699338,0.00011891942,0.0,0.0,0.0,0.0,0.00010557275
0.0,-0.0008386152,0.0,-0.0008680244,0.006157503,-0.052636683,0.0,-0.00035436603,0.0,-0.13705748,0.0,-0.00031137755,-0.006249612,0.0012436687,0.0,-7.003697e-05,-0.0007391213,0.00015681246,0.00011891942,0.0,0.0,0.0,0.0,0.00010557275
0.0,0.009014375,0.0,-0.0007298237,0.00326968,0.065321654,0.0,0.00096366386,0.0,0.13819358,0.0,-0.00022694151,0.0032985888,0.0005846538,0.0,-3.7031434e-05,-0.0006626048,0.00015681246,0.00011891942,0.0,0.0,0.0,0.0,-0.00046808118
0.0,-0.0008386152,0.0,-0.0008305985,-0.0072430656,-0.06093482,0.0,-0.00035436603,0.0,-0.13704297,0.0,0.0015109691,-0.008115346,0.0017199988,0.0,-0.0003460301,0.003759127,0.00018699338,0.00011891942,0.0,0.0,0.0,0.0,-0.00046808118
0.0,-0.0002339295,0.0,0.004511565,-4.027551e-05,-0.014908813,0.0,-0.001170285,0.0,0.019173738,0.0,0.0023964045,0.016031917,0.0075128293,0.0,3.3583252e-05,-0.00068614306,0.0006624266,0.0003121309,0.0,0.0,0.0,0.0,0.0028501006
0.0,-0.00097208784,0.0,-0.0029677253,0.0136919,-0.043257993,0.0,-0.00074959133,0.0,-0.12510937,0.0,-0.00017875468,0.02149315,-0.0015304646,0.0,0.00031380955,0.014493788,0.00015681246,0.00011891942,0.0,0.0,0.0,0.0,-0.00046808118
0.0,-0.00097208784,0.0,-0.0008680244,0.006627496,-0.05277374,0.0,-0.00035436603,0.0,-0.13702194,0.0,-0.00031137755,-0.006484609,0.0012436687,0.0,-7.003697e-05,-0.0007391213,0.00015681246,0.00011891942,0.0,0.0,0.0,0.0,0.00010557275
0.0,-0.0002339295,0.0,-0.0028975822,0.0021060742,-0.015411144,0.0,-0.005205496,0.0,0.0075389734,0.0,0.0021052742,-0.002059374,-0.015230101,0.0,-3.7031434e-05,-0.00035065186,0.00043610283,0.0003121309,0.0,0.0,0.0,0.0,-0.0012147739
0.0,0.009014375,0.0,-0.0007298237,0.0033752343,0.067523,0.0,-0.00074959133,0.0,0.13452834,0.0,-0.00014305294,0.007478738,-0.0015304646,0.0,-3.7031434e-05,-0.0006626048,0.00015681246,0.00011891942,0.0,0.0,0.0,0.0,0.00045459825
0.0,-0.0008386152,0.0,0.00013324997,-0.0072430656,-0.058223635,0.0,-0.00035436603,0.0,-0.13028431,0.0,-0.0007238826,0.005358429,0.0012436687,0.0,-0.0003460301,0.014053976,0.00018699338,0.00011891942,0.0,0.0,0.0,0.0,0.00010557275
0.0,-0.0002339295,0.0,0.0045351028,0.0020749508,-0.01041787,0.0,0.0031824762,0.0,0.019197274,0.0,-0.001834048,0.016031917,0.0007843517,0.0,-3.7031434e-05,-0.0006626048,0.0006624266,0.0003121309,0.0,0.0,0.0,0.0,0.0028501006
0.0,-0.00097208784,0.0,-0.0012455833,0.013221907,-0.043022998,0.0,-0.00074959133,0.0,-0.12686169,0.0,-0.00017875468,0.021728147,-0.0015304646,0.0,0.00031380955,0.014493788,0.00018699338,0.00011891942,0.0,0.0,0.0,0.0,-0.00046808118
0.0,-0.0008386152,0.0,0.0030234326,-0.0072430656,-0.058223635,0.0,-0.00035436603,0.0,-0.1377624,0.0,-0.0007238826,-0.002005685,0.0012436687,0.0,-0.000522604,-0.0035016765,0.00018699338,0.00011891942,0.0,0.0,0.0,0.0,-0.00046808118
0.0,-0.0002339295,0.0,-0.0007298237,0.00326968,0.06389065,0.0,0.0020384404,0.0,0.1486828,0.0,-9.431872e-05,0.003011762,-0.0007194777,0.0,-3.7031434e-05,-0.0006626048,0.00015681246,0.00011891942,0.0,0.0,0.0,0.0,0.00010557275
0.0,-0.0002339295,0.0,0.0045351028,0.006157503,-0.04604815,0.0,-0.00035436603,0.0,0.01797646,0.0,0.0005883472,-0.006077535,0.0017199988,0.0,-3.7031434e-05,-0.0006626048,0.0006624266,0.0003121309,0.0,0.0,0.0,0.0,0.00027398457
0.0,0.009014375,0.0,-0.0007298237,0.00326968,0.065321654,0.0,0.00096366386,0.0,0.13790676,0.0,-0.00022694151,0.003011762,0.0005846538,0.0,-3.7031434e-05,-0.0006626048,0.00015681246,0.00011891942,0.0,0.0,0.0,0.0,0.00010557275
0.0,0.009014375,0.0,-0.0007298237,0.0033752343,0.06382725,0.0,0.00096366386,0.0,0.13452834,0.0,-0.00027567576,0.007478738,0.0005846538,0.0,-3.7031434e-05,-0.0006626048,0.00015681246,0.00011891942,0.0,0.0,0.0,0.0,0.00045459825
0.0,-0.0002339295,0.0,-0.0028975822,0.006627496,-0.056734122,0.0,-0.00035436603,0.0,0.008167249,0.0,-0.00031137755,-0.00787016,0.0012436687,0.0,-3.7031434e-05,-0.00035065186,0.00043610283,0.0003121309,0.0,0.0,0.0,0.0,0.00027398457
0.0,-0.0008386152,0.0,0.00085411745,-0.0072430656,-0.058223635,0.0,-0.00035436603,0.0,-0.13852298,0.0,-0.0007238826,-0.002290906,0.0012436687,0.0,-7.003697e-05,-0.0007391213,0.00018699338,0.00011891942,0.0,0.0,0.0,0.0,-0.00046808118
0.0,-0.00097208784,0.0,-0.0025527405,0.0016360807,-0.017490579,0.0,-0.005205496,0.0,-0.13272086,0.0,-0.00043124825,-0.008374817,-0.009245323,0.0,-0.0003460301,0.003759127,0.00015681246,0.00011891942,0.0,0.0,0.0,0.0,0.00010557275
0.0,0.03231569,0.0,0.0030234326,-0.0072430656,-0.05066139,0.0,-0.00074959133,0.0,-0.12245202,0.0,-0.0005912598,-0.002292512,-0.0015304646,0.0,-0.000522604,-0.0035016765,0.00018699338,0.00011891942,0.0,0.0,0.0,0.0,0.00010557275
0.0,-0.0003488319,0.0,0.00082809106,-0.0072430656,-0.05858303,0.0,-0.00035436603,0.0,-0.1380918,0.0,-0.0007238826,-0.00084933767,0.0012436687,0.0,6.351549e-05,-0.002849778,0.00018699338,0.00011891942,0.0,0.0,0.0,0.0,-0.00046808118
0.0,-0.0008386152,0.0,0.00091456703,-0.0072430656,-0.055186898,0.0,-0.00074959133,0.0,-0.13828763,0.0,-0.0005912598,-0.0011361646,-0.0015304646,0.0,-7.003697e-05,-0.002763302,0.00018699338,0.00011891942,0.0,0.0,0.0,0.0,0.00010557275
0.0,-0.0003488319,0.0,0.0007676415,0.006157503,-0.04995934,0.0,-0.00074959133,0.0,-0.13890079,0.0,-0.00017875468,-0.006249612,-0.0015304646,0.0,6.351549e-05,-0.0008255973,0.00018699338,0.00011891942,0.0,0.0,0.0,0.0,0.00010557275
0.0,-0.0008386152,0.0,0.00085411745,0.006157503,-0.052636683,0.0,-0.00035436603,0.0,-0.13852298,0.0,-0.00031137755,-0.005962785,0.0012436687,0.0,-7.003697e-05,-0.0007391213,0.00018699338,0.00011891942,0.0,0.0,0.0,0.0,-0.00046808118
0.0,-0.0002339295,0.0,-0.0007298237,0.00326968,0.06379392,0.0,0.00096366386,0.0,0.14896962,0.0,-0.00022694151,0.0032985888,0.0005846538,0.0,-3.7031434e-05,-0.0006626048,0.00015681246,0.00011891942,0.0,0.0,0.0,0.0,-0.00046808118
0.0,-0.0003488319,0.0,0.00085411745,-0.0072430656,-0.05554629,0.0,-0.00074959133,0.0,-0.13894019,0.0,-0.0005912598,-0.0025777328,-0.0015304646,0.0,-7.003697e-05,-0.0007391213,0.00018699338,0.00011891942,0.0,0.0,0.0,0.0,0.00010557275
0.0,-0.0002339295,0.0,-0.0029046668,0.00620042,0.03148515,0.0,0.00096366386,0.0,0.015231973,0.0,0.00013395699,0.030283753,0.0005846538,0.0,3.3583252e-05,-0.00068614306,0.00043610283,0.0003121309,0.0,0.0,0.0,0.0,0.0028501006
0.0,-0.0002339295,0.0,-0.0028811283,0.0027996865,-0.013791296,0.0,-0.001170285,0.0,0.0075311777,0.0,-0.0017853137,0.0016166067,0.0075128293,0.0,-3.7031434e-05,-0.0006626048,0.001516602,-0.00044425012,0.0,0.0,0.0,0.0,0.00027398457
0.0,0.009014375,0.0,-0.0030580973,0.0021060742,-0.006539639,0.0,-0.001170285,0.0,-0.0077021234,0.0,-0.0017853137,-0.0024128011,0.0075128293,0.0,-0.000112155045,0.0033699665,0.00043610283,0.0003121309,0.0,0.0,0.0,0.0,0.00027398457
0.0,-0.0003488319,0.0,0.0007676415,-0.0072430656,-0.05554629,0.0,-0.00074959133,0.0,-0.13890079,0.0,-0.0005912598,-0.0025777328,-0.0015304646,0.0,6.351549e-05,-0.0008255973,0.00018699338,0.00011891942,0.0,0.0,0.0,0.0,0.00010557275
0.0,-0.00097208784,0.0,-0.0025527405,0.006627496,-0.049736995,0.0,-0.00074959133,0.0,-0.1352551,0.0,-0.00017875468,-0.012022221,-0.0015304646,0.0,-0.0003460301,0.003759127,0.00015681246,0.00011891942,0.0,0.0,0.0,0.0,-0.00046808118
0.0,-0.0002339295,0.0,-0.0029046668,0.00326968,-0.011650577,0.0,0.0031824762,0.0,0.007831759,0.0,-0.0017853137,0.0013816103,0.0007843517,0.0,3.3583252e-05,-0.00068614306,0.00043610283,0.0003121309,0.0,0.0,0.0,0.0,0.00027398457
0.0,-0.0003488319,0.0,-0.00080757495,0.013797455,-0.043528713,0.0,-0.00074959133,0.0,-0.13806356,0.0,-0.00022748893,0.018338194,-0.0015304646,0.0,-7.003697e-05,-0.002763302,0.00015681246,0.00011891942,0.0,0.0,0.0,0.0,0.00045459825
0.0,-0.0008386152,0.0,0.00091456703,-0.0072430656,-0.058223635,0.0,-0.00035436603,0.0,-0.13828763,0.0,-0.0007238826,-0.0011361646,0.0012436687,0.0,-7.003697e-05,-0.002763302,0.00018699338,0.00011891942,0.0,0.0,0.0,0.0,0.00010557275
0.0,-0.0003488319,0.0,0.00085411745,-0.0072430656,-0.05858303,0.0,-0.00035436603,0.0,-0.13894019,0.0,-0.0007238826,-0.0025777328,0.0012436687,0.0,-7.003697e-05,-0.0007391213,0.00018699338,0.00011891942,0.0,0.0,0.0,0.0,0.00010557275
0.0,-0.0002339295,0.0,0.004358134,0.0021060742,-0.019014655,0.0,-0.005205496,0.0,0.0063874046,0.0,-0.00043124825,-0.000295765,-0.009245323,0.0,-0.000112155045,0.0033699665,0.0006624266,0.0003121309,0.0,0.0,0.0,0.0,-0.0012147739
0.0,-0.0003488319,0.0,0.00085411745,-0.0072430656,-0.05554629,0.0,-0.00074959133,0.0,-0.13894019,0.0,-0.0005912598,-0.0025777328,-0.0015304646,0.0,-7.003697e-05,-0.0007391213,0.00018699338,0.00011891942,0.0,0.0,0.0,0.0,0.00010557275
0.0,-0.0003488319,0.0,0.0005448838,-0.0072430656,-0.05858303,0.0,-0.00035436603,0.0,-0.12972024,0.0,-0.0007238826,-0.0011361646,0.0012436687,0.0,-7.003697e-05,-0.002763302,-0.0061868723,-0.0018353157,0.0,0.0,0.0,0.0,0.00010557275
0.0,-0.0003488319,0.0,-0.0008305985,-0.0072430656,-0.05554629,0.0,-0.00074959133,0.0,-0.13746017,0.0,-0.0005912598,-0.0084021725,-0.0015304646,0.0,-0.0003460301,0.003759127,0.00018699338,0.00011891942,0.0,0.0,0.0,0.0,0.00010557275
0.0,-0.00097208784,0.0,0.009496507,-0.014592587,-0.05626679,0.0,-0.00035436603,0.0,-0.1259875,0.0,-0.0007238826,0.0057780193,0.0012436687,0.0,-0.0075620725,0.020569993,0.00018699338,0.00011891942,0.0,0.0,0.0,0.0,0.00010557275
0.0,-0.00097208784,0.0,-0.00080757495,0.0136919,-0.04362342,0.0,-0.00035436603,0.0,-0.13649979,0.0,-0.00031137755,0.014861499,0.0012436687,0.0,-7.003697e-05,-0.002763302,0.00015681246,0.00011891942,0.0,0.0,0.0,0.0,0.00010557275
0.0,-0.0003488319,0.0,0.00091456703,-0.0072430656,-0.05554629,0.0,-0.00074959133,0.0,-0.13841802,0.0,-0.0005912598,-0.0011361646,-0.0015304646,0.0,-7.003697e-05,-0.002763302,0.00018699338,0.00011891942,0.0,0.0,0.0,0.0,0.00010557275
0.0,-0.0008386152,0.0,-0.002209432,-0.0072430656,-0.055186898,0.0,-0.00074959133,0.0,-0.1370506,0.0,-0.0005912598,-0.0084021725,-0.0015304646,0.0,0.00031380955,0.0041989386,0.00018699338,0.00011891942,0.0,0.0,0.0,0.0,0.00010557275
0.0,-0.0003488319,0.0,0.00085411745,0.006157503,-0.052996077,0.0,-0.00035436603,0.0,-0.13865337,0.0,-0.00031137755,-0.005962785,0.0012436687,0.0,-7.003697e-05,-0.0007391213,0.00018699338,0.00011891942,0.0,0.0,0.0,0.0,-0.00046808118
0.0,-0.0003488319,0.0,-0.0008680244,0.006627496,-0.053231075,0.0,-0.00035436603,0.0,-0.13718787,0.0,-0.00031137755,-0.006484609,0.0012436687,0.0,-7.003697e-05,-0.0007391213,0.00015681246,0.00011891942,0.0,0.0,0.0,0.0,0.00010557275
0.0,-0.0002339295,0.0,-0.0007298237,0.0012600082,0.060843304,0.0,-0.00035436603,0.0,0.14530438,0.0,0.0039547766,0.007478738,0.0012436687,0.0,-3.7031434e-05,-0.0006626048,0.00015681246,0.00011891942,0.0,0.0,0.0,0.0,0.00045459825
0.0,-0.0002339295,0.0,-0.0007298237,0.00326968,0.06379392,0.0,0.00096366386,0.0,0.14911371,0.0,-0.00022694151,0.0032985888,0.0005846538,0.0,-3.7031434e-05,-0.0006626048,0.00030090005,-0.00016925579,0.0,0.0,0.0,0.0,-0.00046808118
0.0,-0.0002339295,0.0,-0.0007298237,0.0033752343,0.06239625,0.0,0.0020384404,0.0,0.14530438,0.0,-0.00014305294,0.007478738,-0.0007194777,0.0,-3.7031434e-05,-0.0006626048,0.00015681246,0.00011891942,0.0,0.0,0.0,0.0,0.00045459825
0.0,-0.0003488319,0.0,0.0007676415,-0.0072430656,-0.05858303,0.0,-0.00035436603,0.0,-0.13890079,0.0,-0.0007238826,-0.0025777328,0.0012436687,0.0,6.351549e-05,-0.0008255973,0.00018699338,0.00011891942,0.0,0.0,0.0,0.0,0.00010557275
0.0,-0.0003488319,0.0,0.00085411745,-0.0072430656,-0.05858303,0.0,-0.00035436603,0.0,-0.13850927,0.0,-0.0007238826,-0.002290906,0.0012436687,0.0,-7.003697e-05,-0.0007391213,0.00033108098,-0.00016925579,0.0,0.0,0.0,0.0,-0.00046808118
0.0,-0.00097208784,0.0,-0.0005830902,0.013221907,-0.043022998,0.0,-0.00074959133,0.0,-0.12616926,0.0,-0.00017875468,0.014946726,-0.0015304646,0.0,-7.003697e-05,-0.002763302,-0.0056228847,-0.0018353157,0.0,0.0,0.0,0.0,0.00010557275
0.0,-0.00097208784,0.0,0.0030234326,-0.0072430656,-0.055088956,0.0,-0.00074959133,0.0,-0.13772686,0.0,-0.0005912598,-0.002005685,-0.0015304646,0.0,-0.000522604,-0.0035016765,0.00018699338,0.00011891942,0.0,0.0,0.0,0.0,-0.00046808118
0.0,-0.0002339295,0.0,0.004358134,-0.00076867343,0.01663611,0.0,0.0020384404,0.0,0.0070156804,0.0,0.0014579907,-0.0020588357,-0.0007194777,0.0,-0.000112155045,0.0033699665,0.0006624266,0.0003121309,0.0,0.0,0.0,0.0,0.00027398457
0.0,-0.0003488319,0.0,-0.002209432,0.006627496,-0.053231075,0.0,-0.00035436603,0.0,-0.13689417,0.0,-0.00031137755,-0.012022221,0.0012436687,0.0,0.00031380955,0.0041989386,0.00018699338,0.00011891942,0.0,0.0,0.0,0.0,-0.00046808118
0.0,0.009014375,0.0,-0.0007298237,0.00326968,0.065418385,0.0,0.0020384404,0.0,0.13790676,0.0,-9.431872e-05,0.003011762,-0.0007194777,0.0,-3.7031434e-05,-0.0006626048,0.00015681246,0.00011891942,0.0,0.0,0.0,0.0,0.00010557275
0.0,0.009014375,0.0,-0.000753362,0.0033752343,0.06382725,0.0,0.00096366386,0.0,0.13872875,0.0,-0.00027567576,0.0058690542,0.0005846538,0.0,3.3583252e-05,-0.00068614306,0.00030090005,-0.00016925579,0.0,0.0,0.0,0.0,-0.0020155665
0.0,-0.0002339295,0.0,-0.0007298237,0.0033752343,0.062299516,0.0,0.00096366386,0.0,0.14530438,0.0,-0.00027567576,0.007478738,0.0005846538,0.0,-3.7031434e-05,-0.0006626048,0.00015681246,0.00011891942,0.0,0.0,0.0,0.0,0.00045459825
0.0,0.009014375,0.0,-0.0007298237,0.0033752343,0.063923985,0.0,0.0020384404,0.0,0.13452834,0.0,-0.00014305294,0.007478738,-0.0007194777,0.0,-3.7031434e-05,-0.0006626048,0.00015681246,0.00011891942,0.0,0.0,0.0,0.0,0.00045459825
0.0,-0.0003488319,0.0,-0.0008680244,0.006627496,-0.053231075,0.0,-0.00035436603,0.0,-0.13718787,0.0,-0.00031137755,-0.006484609,0.0012436687,0.0,-7.003697e-05,-0.0007391213,0.00015681246,0.00011891942,0.0,0.0,0.0,0.0,0.00010557275
0.0,0.009014375,0.0,-0.0007298237,0.0033752343,0.06382725,0.0,0.00096366386,0.0,0.13452834,0.0,-0.00027567576,0.007478738,0.0005846538,0.0,-3.7031434e-05,-0.0006626048,0.00015681246,0.00011891942,0.0,0.0,0.0,0.0,0.00045459825
0.0,-0.00097208784,0.0,0.0024806224,-0.014592587,-0.055901356,0.0,-0.00074959133,0.0,-0.13465847,0.0,-0.0005912598,0.00417347,-0.0015304646,0.0,-0.000522604,-0.004044486,0.00018699338,0.00011891942,0.0,0.0,0.0,0.0,-0.00046808118
0.0,-0.00097208784,0.0,0.00085411745,-0.0072430656,-0.058125693,0.0,-0.00035436603,0.0,-0.13848744,0.0,-0.0007238826,-0.002290906,0.0012436687,0.0,-7.003697e-05,-0.0007391213,0.00018699338,0.00011891942,0.0,0.0,0.0,0.0,-0.00046808118
0.0,-0.0002339295,0.0,-0.0028811283,0.0012600082,-0.014777388,0.0,0.01415584,0.0,0.015255511,0.0,0.00375047,0.016627211,-0.000965227,0.0,-3.7031434e-05,-0.0006626048,0.00043610283,0.0003121309,0.0,0.0,0.0,0.0,0.0028501006
0.0,-0.0002339295,0.0,-0.0007298237,0.00326968,0.06748967,0.0,-0.00074959133,0.0,0.1486828,0.0,-9.431872e-05,0.003011762,-0.0015304646,0.0,-3.7031434e-05,-0.0006626048,0.00015681246,0.00011891942,0.0,0.0,0.0,0.0,0.00010557275
0.0,-0.0002339295,0.0,-0.0007298237,0.0033752343,0.06599527,0.0,-0.00074959133,0.0,0.14530438,0.0,-0.00014305294,0.007478738,-0.0015304646,0.0,-3.7031434e-05,-0.0006626048,0.00015681246,0.00011891942,0.0,0.0,0.0,0.0,0.00045459825
0.0,-0.0008386152,0.0,0.0007676415,-0.0072430656,-0.058223635,0.0,-0.00035436603,0.0,-0.1387704,0.0,-0.0007238826,-0.0025777328,0.0012436687,0.0,6.351549e-05,-0.0008255973,0.00018699338,0.00011891942,0.0,0.0,0.0,0.0,0.00010557275
0.0,-0.0002339295,0.0,-0.0030580973,0.0036199212,-0.0033711684,0.0,0.0020384404,0.0,0.003073915,0.0,-0.016177354,-0.0068040313,-0.0013056517,0.0,-0.000112155045,0.0033699665,0.00043610283,0.0003121309,0.0,0.0,0.0,0.0,0.00027398457
0.0,-0.00097208784,0.0,0.0005448838,0.013221907,-0.046099607,0.0,-0.00035436603,0.0,-0.12955433,0.0,0.0019234743,0.015096496,0.0017199988,0.0,-7.003697e-05,-0.002763302,-0.0061868723,-0.0018353157,0.0,0.0,0.0,0.0,0.00010557275
0.0,0.009014375,0.0,-0.0007298237,0.002106074,0.07137731,0.0,0.0020384404,0.0,0.13819358,0.0,-9.431872e-05,-0.0014967248,-0.0007194777,0.0,-3.7031434e-05,-0.0006626048,0.00015681246,0.00011891942,0.0,0.0,0.0,0.0,-0.00046808118
0.0,-0.0002339295,0.0,0.004511565,0.013221907,-0.048007827,0.0,0.00096366386,0.0,0.011145247,0.0,-0.00031137755,0.014993865,0.0005846538,0.0,3.3583252e-05,-0.00068614306,0.0006624266,0.0003121309,0.0,0.0,0.0,0.0,-0.0012147739
0.0,-0.0003488319,0.0,0.0007676415,-0.0072430656,-0.05858303,0.0,-0.00035436603,0.0,-0.13890079,0.0,-0.0007238826,-0.0025777328,0.0012436687,0.0,6.351549e-05,-0.0008255973,0.00018699338,0.00011891942,0.0,0.0,0.0,0.0,0.00010557275
0.0,0.009014375,0.0,-0.0007298237,0.0033752343,0.064486265,0.0,-0.00035436603,0.0,0.13452834,0.0,-0.00027567576,0.007478738,0.0012436687,0.0,-3.7031434e-05,-0.0006626048,0.00015681246,0.00011891942,0.0,0.0,0.0,0.0,0.00045459825
0.0,-0.0002339295,0.0,-0.0007298237,0.0033752343,0.062299516,0.0,0.00096366386,0.0,0.14938423,0.0,-0.00027567576,0.0058690542,0.0005846538,0.0,-3.7031434e-05,-0.0006626048,0.00015681246,0.00011891942,0.0,0.0,0.0,0.0,-0.0020155665
0.0,-0.0003488319,0.0,0.0024806224,-0.0072430656,-0.05554629,0.0,-0.00074959133,0.0,-0.1379323,0.0,-0.0005912598,-0.0014542028,-0.0015304646,0.0,-0.000522604,-0.004044486,0.00018699338,0.00011891942,0.0,0.0,0.0,0.0,0.00010557275
0.0,-0.0003488319,0.0,0.0007676415,0.006157503,-0.052996077,0.0,-0.00035436603,0.0,-0.13861397,0.0,-0.00031137755,-0.005962785,0.0012436687,0.0,6.351549e-05,-0.0008255973,0.00018699338,0.00011891942,0.0,0.0,0.0,0.0,-0.00046808118
0.0,-0.0002339295,0.0,-0.0028975822,0.0024563156,0.019718392,0.0,-0.00035436603,0.0,0.0075389734,0.0,0.001325368,-0.007295141,0.0012436687,0.0,-3.7031434e-05,-0.00035065186,0.00043610283,0.0003121309,0.0,0.0,0.0,0.0,-0.0012147739
0.0,-0.0002339295,0.0,-0.0030580973,0.00326968,-0.014026293,0.0,-0.001170285,0.0,0.003073915,0.0,-0.0017853137,0.0023825127,0.0075128293,0.0,-0.000112155045,0.0033699665,0.00043610283,0.0003121309,0.0,0.0,0.0,0.0,0.00027398457
0.0,0.009014375,0.0,-0.00074627774,0.0016360807,0.071515575,0.0,0.00096366386,0.0,0.13864963,0.0,-0.00022694151,-0.00186918,0.0005846538,0.0,-3.7031434e-05,-0.00035065186,0.00030090005,-0.00016925579,0.0,0.0,0.0,0.0,-0.00046808118
0.0,-0.0002339295,0.0,-0.00090679247,0.00326968,0.068393886,0.0,-0.00074959133,0.0,0.14390142,0.0,-0.00025709788,0.00385741,-0.0021166385,0.0,-0.000112155045,0.0033699665,0.00015681246,0.00011891942,0.0,0.0,0.0,0.0,0.00010557275
0.0,-0.0002339295,0.0,-0.0029046668,0.00326968,-0.011650577,0.0,0.0031824762,0.0,0.007831759,0.0,-0.0017853137,0.0013816103,0.0007843517,0.0,3.3583252e-05,-0.00068614306,0.00043610283,0.0003121309,0.0,0.0,0.0,0.0,0.00027398457
0.0,-0.0008386152,0.0,0.0007676415,-0.0072430656,-0.055186898,0.0,-0.00074959133,0.0,-0.1387704,0.0,-0.0005912598,-0.0025777328,-0.0015304646,0.0,6.351549e-05,-0.0008255973,0.00018699338,0.00011891942,0.0,0.0,0.0,0.0,0.00010557275
0.0,-0.0003488319,0.0,0.00085411745,-0.0072430656,-0.05858303,0.0,-0.00035436603,0.0,-0.13865337,0.0,-0.0007238826,-0.002290906,0.0012436687,0.0,-7.003697e-05,-0.0007391213,0.00018699338,0.00011891942,0.0,0.0,0.0,0.0,-0.00046808118
0.0,-0.0008386152,0.0,0.0030234326,-0.0072430656,-0.058223635,0.0,-0.00035436603,0.0,-0.1377624,0.0,-0.0007238826,-0.002005685,0.0012436687,0.0,-0.000522604,-0.0035016765,0.00018699338,0.00011891942,0.0,0.0,0.0,0.0,-0.00046808118
0.0,-0.00097208784,0.0,-0.0023282557,0.0021060742,-0.017725576,0.0,-0.005205496,0.0,-0.13102877,0.0,-0.00043124825,-0.008609814,-0.009245323,0.0,-0.0003460301,0.003759127,-0.0029303366,0.0012894961,0.0,0.0,0.0,0.0,0.00010557275
0.0,-0.00097208784,0.0,0.00091456703,0.006157503,-0.05217331,0.0,-0.00074959133,0.0,-0.1351442,0.0,-0.00017875468,-0.0046709864,-0.0015304646,0.0,-7.003697e-05,-0.002763302,0.00018699338,0.00011891942,0.0,0.0,0.0,0.0,-0.00046808118
0.0,-0.0003488319,0.0,0.00091456703,0.006157503,-0.052996077,0.0,-0.00035436603,0.0,-0.13841802,0.0,-0.00031137755,-0.004808044,0.0012436687,0.0,-7.003697e-05,-0.002763302,0.00018699338,0.00011891942,0.0,0.0,0.0,0.0,0.00010557275
0.0,0.009014375,0.0,-0.0007298237,-4.027551e-05,0.0636076,0.0,0.00096366386,0.0,0.13860819,0.0,0.0039547766,0.0052737603,0.0005846538,0.0,-3.7031434e-05,-0.0006626048,0.00015681246,0.00011891942,0.0,0.0,0.0,0.0,-0.0020155665
0.0,-0.0001367922,0.0,-0.0028811283,0.00095564337,-0.04083026,0.0,-0.00035436603,0.0,0.017193738,0.0,0.009233633,0.021683713,0.0012436687,0.0,-3.7031434e-05,-0.0006626048,0.00043610283,0.0003121309,0.0,0.0,0.0,0.0,0.0028501006
0.0,-0.0008386152,0.0,0.0007676415,0.006157503,-0.052636683,0.0,-0.00035436603,0.0,-0.13848358,0.0,-0.00031137755,-0.005962785,0.0012436687,0.0,6.351549e-05,-0.0008255973,0.00018699338,0.00011891942,0.0,0.0,0.0,0.0,-0.00046808118
0.0,-0.0003488319,0.0,-0.0009545004,0.006627496,-0.05594226,0.0,-0.00035436603,0.0,-0.13686165,0.0,0.0019234743,-0.006197782,0.0017199988,0.0,6.351549e-05,-0.0008255973,0.00015681246,0.00011891942,0.0,0.0,0.0,0.0,-0.00046808118
0.0,-0.00097208784,0.0,0.00085411745,0.006627496,-0.049736995,0.0,-0.00074959133,0.0,-0.13877428,0.0,-0.00017875468,-0.006484609,-0.0015304646,0.0,-7.003697e-05,-0.0007391213,0.00018699338,0.00011891942,0.0,0.0,0.0,0.0,0.00010557275
0.0,-0.0003488319,0.0,-0.0008680244,0.006627496,-0.053231075,0.0,-0.00035436603,0.0,-0.13718787,0.0,-0.00031137755,-0.006484609,0.0012436687,0.0,-7.003697e-05,-0.0007391213,0.00015681246,0.00011891942,0.0,0.0,0.0,0.0,0.00010557275
0.0,-0.0002339295,0.0,-0.0028811283,0.0021060742,-0.0056916564,0.0,0.0031824762,0.0,0.007855296,0.0,-0.0017853137,-0.0034137033,0.0007843517,0.0,-3.7031434e-05,-0.0006626048,0.00043610283,0.0003121309,0.0,0.0,0.0,0.0,0.00027398457
0.0,-0.0002339295,0.0,-0.0007298237,0.002106074,0.06984957,0.0,0.0020384404,0.0,0.1486828,0.0,-9.431872e-05,-0.0017835516,-0.0007194777,0.0,-3.7031434e-05,-0.0006626048,0.00015681246,0.00011891942,0.0,0.0,0.0,0.0,0.00010557275
0.0,-0.0008386152,0.0,-0.0008305985,-0.0072430656,-0.058223635,0.0,-0.00035436603,0.0,-0.13732979,0.0,-0.0007238826,-0.0084021725,0.0012436687,0.0,-0.0003460301,0.003759127,0.00018699338,0.00011891942,0.0,0.0,0.0,0.0,0.00010557275
0.0,-0.00097208784,0.0,-0.00080757495,0.006157503,-0.05253874,0.0,-0.00035436603,0.0,-0.13649979,0.0,-0.00031137755,-0.004808044,0.0012436687,0.0,-7.003697e-05,-0.002763302,0.00015681246,0.00011891942,0.0,0.0,0.0,0.0,0.00010557275
0.0,-0.0002339295,0.0,-0.0033414792,0.006627496,-0.053697377,0.0,-0.00074959133,0.0,0.007116264,0.0,-0.00017875468,-0.008767782,-0.0015304646,0.0,0.00010171174,0.0019031074,0.00043610283,0.0003121309,0.0,0.0,0.0,0.0,0.00027398457
0.0,0.009014375,0.0,-0.0007298237,0.0033752343,0.06382725,0.0,0.00096366386,0.0,0.13452834,0.0,-0.00027567576,0.007478738,0.0005846538,0.0,-3.7031434e-05,-0.0006626048,0.00015681246,0.00011891942,0.0,0.0,0.0,0.0,0.00045459825
0.0,-0.0008386152,0.0,0.0007676415,-0.0072430656,-0.058223635,0.0,-0.00035436603,0.0,-0.13862632,0.0,-0.0007238826,-0.0025777328,0.0012436687,0.0,6.351549e-05,-0.0008255973,0.00033108098,-0.00016925579,0.0,0.0,0.0,0.0,0.00010557275
0.0,-0.0002339295,0.0,-0.0007298237,0.0033752343,0.06239625,0.0,0.0020384404,0.0,0.14530438,0.0,-0.00014305294,0.007478738,-0.0007194777,0.0,-3.7031434e-05,-0.0006626048,0.00015681246,0.00011891942,0.0,0.0,0.0,0.0,0.00045459825
0.0,-0.0008386152,0.0,-0.0009545004,0.006627496,-0.049834937,0.0,-0.00074959133,0.0,-0.13701808,0.0,-0.00017875468,-0.006484609,-0.0015304646,0.0,6.351549e-05,-0.0008255973,0.00015681246,0.00011891942,0.0,0.0,0.0,0.0,0.00010557275
0.0,-0.00097208784,0.0,0.00039795827,0.006157503,-0.055210046,0.0,-0.00035436603,0.0,-0.12721601,0.0,-0.00031137755,-0.0063993814,0.0012436687,0.0,6.351549e-05,-0.0008255973,-0.0061868723,-0.0018353157,0.0,0.0,0.0,0.0,0.00010557275
0.0,-0.00097208784,0.0,-0.0008680244,0.006627496,-0.049736995,0.0,-0.00074959133,0.0,-0.13673511,0.0,-0.00017875468,-0.006197782,-0.0015304646,0.0,-7.003697e-05,-0.0007391213,0.00015681246,0.00011891942,0.0,0.0,0.0,0.0,-0.00046808118
0.0,-0.0008386152,0.0,0.0037999498,-0.0072430656,-0.054282688,0.0,-0.00074959133,0.0,-0.13761663,0.0,-0.00075403904,-0.0024477663,-0.0021166385,0.0,0.00047394173,-0.0057073296,0.00018699338,0.00011891942,0.0,0.0,0.0,0.0,0.00010557275
0.0,-0.0002339295,0.0,0.0045351028,0.0021060742,-0.019014655,0.0,-0.005205496,0.0,0.011797061,0.0,-0.00043124825,-0.0034137033,-0.009245323,0.0,-3.7031434e-05,-0.0006626048,0.0006624266,0.0003121309,0.0,0.0,0.0,0.0,0.00027398457
0.0,-0.0003488319,0.0,-0.0008680244,0.006157503,-0.04995934,0.0,-0.00074959133,0.0,-0.13675696,0.0,-0.00017875468,-0.005962785,-0.0015304646,0.0,-7.003697e-05,-0.0007391213,0.00030090005,-0.00016925579,0.0,0.0,0.0,0.0,-0.00046808118
0.0,-0.0002339295,0.0,-0.003174689,0.0021060742,-0.019014655,0.0,-0.005205496,0.0,0.0072830543,0.0,-0.00043124825,-0.004918778,-0.009245323,0.0,-0.000112155045,0.0017833943,0.00043610283,0.0003121309,0.0,0.0,0.0,0.0,0.00027398457
0.0,-0.0008386152,0.0,0.00085411745,-0.0072430656,-0.058223635,0.0,-0.00035436603,0.0,-0.13852298,0.0,-0.0007238826,-0.002290906,0.0012436687,0.0,-7.003697e-05,-0.0007391213,0.00018699338,0.00011891942,0.0,0.0,0.0,0.0,-0.00046808118
0.0,-0.0001367922,0.0,0.0045186486,0.006157503,-0.045021623,0.0,-0.00035436603,0.0,0.018385548,0.0,-0.00031137755,-0.0065297326,0.0012436687,0.0,-3.7031434e-05,-0.00035065186,0.0006624266,0.0003121309,0.0,0.0,0.0,0.0,0.00027398457
0.0,-0.0003488319,0.0,0.00085411745,-0.0072430656,-0.05858303,0.0,-0.00035436603,0.0,-0.13894019,0.0,-0.0007238826,-0.0025777328,0.0012436687,0.0,-7.003697e-05,-0.0007391213,0.00018699338,0.00011891942,0.0,0.0,0.0,0.0,0.00010557275
0.0,-0.0003488319,0.0,-0.001588892,0.0136919,-0.041044023,0.0,-0.00074959133,0.0,-0.12866238,0.0,-0.00017875468,0.021356093,-0.0015304646,0.0,-0.0003460301,0.014053976,0.00015681246,0.00011891942,0.0,0.0,0.0,0.0,0.00010557275
0.0,-0.0003488319,0.0,0.00085411745,0.006157503,-0.052996077,0.0,-0.00035436603,0.0,-0.13865337,0.0,-0.00031137755,-0.005962785,0.0012436687,0.0,-7.003697e-05,-0.0007391213,0.00018699338,0.00011891942,0.0,0.0,0.0,0.0,-0.00046808118
0.0,0.009014375,0.0,-0.0007298237,0.0033752343,0.06382725,0.0,0.00096366386,0.0,0.13452834,0.0,-0.00027567576,0.007478738,0.0005846538,0.0,-3.7031434e-05,-0.0006626048,0.00015681246,0.00011891942,0.0,0.0,0.0,0.0,0.00045459825
0.0,-0.0002339295,0.0,-0.0007298237,0.0012600082,0.060281023,0.0,0.0020384404,0.0,0.14938423,0.0,0.0040873997,0.0058690542,-0.0007194777,0.0,-3.7031434e-05,-0.0006626048,0.00015681246,0.00011891942,0.0,0.0,0.0,0.0,-0.0020155665
0.0,-0.0003488319,0.0,0.00085411745,0.006157503,-0.052996077,0.0,-0.00035436603,0.0,-0.13894019,0.0,-0.00031137755,-0.006249612,0.0012436687,0.0,-7.003697e-05,-0.0007391213,0.00018699338,0.00011891942,0.0,0.0,0.0,0.0,0.00010557275
0.0,-0.0002339295,0.0,-0.0007298237,0.0033752343,0.062299516,0.0,0.00096366386,0.0,0.14952832,0.0,-0.00027567576,0.0058690542,0.0005846538,0.0,-3.7031434e-05,-0.0006626048,0.00030090005,-0.00016925579,0.0,0.0,0.0,0.0,-0.0020155665
0.0,0.009014375,0.0,-0.0007298237,0.00326968,0.065321654,0.0,0.00096366386,0.0,0.13790676,0.0,-0.00022694151,0.003011762,0.0005846538,0.0,-3.7031434e-05,-0.0006626048,0.00015681246,0.00011891942,0.0,0.0,0.0,0.0,0.00010557275
0.0,-0.0008386152,0.0,0.00085411745,-0.0072430656,-0.058223635,0.0,-0.00035436603,0.0,-0.1388098,0.0,-0.0007238826,-0.0025777328,0.0012436687,0.0,-7.003697e-05,-0.0007391213,0.00018699338,0.00011891942,0.0,0.0,0.0,0.0,0.00010557275
0.0,0.009014375,0.0,-0.0007298237,0.0033752343,0.06382725,0.0,0.00096366386,0.0,0.13860819,0.0,-0.00027567576,0.0058690542,0.0005846538,0.0,-3.7031434e-05,-0.0006626048,0.00015681246,0.00011891942,0.0,0.0,0.0,0.0,-0.0020155665
0.0,-0.0002339295,0.0,-0.00090679247,0.0033752343,0.06239625,0.0,0.0020384404,0.0,0.14052302,0.0,-0.00014305294,0.00847964,-0.0007194777,0.0,-0.000112155045,0.0033699665,0.00015681246,0.00011891942,0.0,0.0,0.0,0.0,0.00045459825
0.0,0.009014375,0.0,-0.0030580973,0.0036199212,0.014724923,0.0,0.0020384404,0.0,-0.0077021234,0.0,0.0014579907,-0.0030085086,-0.0007194777,0.0,-0.000112155045,0.0033699665,0.00043610283,0.0003121309,0.0,0.0,0.0,0.0,0.00027398457
0.0,-0.0008386152,0.0,0.00085411745,0.006627496,-0.05287168,0.0,-0.00035436603,0.0,-0.13852298,0.0,-0.00031137755,-0.006197782,0.0012436687,0.0,-7.003697e-05,-0.0007391213,0.00018699338,0.00011891942,0.0,0.0,0.0,0.0,-0.00046808118
0.0,-0.0008386152,0.0,0.00091456703,-0.014592587,-0.053327993,0.0,-0.00074959133,0.0,-0.13828763,0.0,-0.0005912598,0.0043544504,-0.0015304646,0.0,-7.003697e-05,-0.002763302,0.00018699338,0.00011891942,0.0,0.0,0.0,0.0,0.00010557275
0.0,-0.0008386152,0.0,0.00085411745,-0.0072430656,-0.055186898,0.0,-0.00074959133,0.0,-0.1388098,0.0,-0.0005912598,-0.0025777328,-0.0015304646,0.0,-7.003697e-05,-0.0007391213,0.00018699338,0.00011891942,0.0,0.0,0.0,0.0,0.00010557275
0.0,-0.0002339295,0.0,0.004495111,0.0016360807,-0.018779658,0.0,-0.005205496,0.0,0.012085476,0.0,-0.00043124825,-0.0037861587,-0.009245323,0.0,3.3583252e-05,-0.0003741901,0.0006624266,0.0003121309,0.0,0.0,0.0,0.0,0.00027398457
0.0,-0.0008386152,0.0,0.00085411745,-0.0072430656,-0.06093482,0.0,-0.00035436603,0.0,-0.1388098,0.0,0.0015109691,-0.0025777328,0.0017199988,0.0,-7.003697e-05,-0.0007391213,0.00018699338,0.00011891942,0.0,0.0,0.0,0.0,0.00010557275
0.0,-0.00097208784,0.0,-0.0008680244,0.0021060742,-0.017725576,0.0,-0.005205496,0.0,-0.13376996,0.0,-0.00043124825,-0.002498547,-0.009245323,0.0,-7.003697e-05,-0.0007391213,0.00030090005,-0.00016925579,0.0,0.0,0.0,0.0,-0.00046808118
0.0,-0.0008386152,0.0,0.00085411745,-0.0072430656,-0.058223635,0.0,-0.00035436603,0.0,-0.1388098,0.0,-0.0007238826,-0.0025777328,0.0012436687,0.0,-7.003697e-05,-0.0007391213,0.00018699338,0.00011891942,0.0,0.0,0.0,0.0,0.00010557275
0.0,-0.0008386152,0.0,0.00085411745,-0.0072430656,-0.058223635,0.0,-0.00035436603,0.0,-0.1388098,0.0,-0.0007238826,-0.0025777328,0.0012436687,0.0,-7.003697e-05,-0.0007391213,0.00018699338,0.00011891942,0.0,0.0,0.0,0.0,0.00010557275
0.0,-0.0008386152,0.0,0.00091456703,-0.014592587,-0.05636473,0.0,-0.00035436603,0.0,-0.13828763,0.0,-0.0007238826,0.0043544504,0.0012436687,0.0,-7.003697e-05,-0.002763302,0.00018699338,0.00011891942,0.0,0.0,0.0,0.0,0.00010557275
0.0,-0.0001367922,0.0,0.004191344,0.006157503,-0.045021623,0.0,-0.00035436603,0.0,0.013125425,0.0,-0.00031137755,-0.004921378,0.0012436687,0.0,0.00010171174,0.0034896801,0.0006624266,0.0003121309,0.0,0.0,0.0,0.0,0.00027398457
0.0,-0.0002339295,0.0,-0.0028811283,0.00326968,-0.024973573,0.0,-0.005205496,0.0,0.007855296,0.0,-0.00043124825,0.0013816103,-0.009245323,0.0,-3.7031434e-05,-0.0006626048,0.00043610283,0.0003121309,0.0,0.0,0.0,0.0,0.00027398457
0.0,-0.0003488319,0.0,0.00091456703,-0.014592587,-0.053687386,0.0,-0.00074959133,0.0,-0.1381312,0.0,-0.0005912598,0.0046412777,-0.0015304646,0.0,-7.003697e-05,-0.002763302,0.00018699338,0.00011891942,0.0,0.0,0.0,0.0,-0.00046808118
0.0,0.009014375,0.0,-0.0007298237,0.0020749506,0.06941858,0.0,-0.00074959133,0.0,0.13452834,0.0,-0.00014305294,0.0068834443,-0.0015304646,0.0,-3.7031434e-05,-0.0006626048,0.00015681246,0.00011891942,0.0,0.0,0.0,0.0,0.00045459825
0.0,-0.0002339295,0.0,-0.0007298237,0.00326968,0.06389065,0.0,0.0020384404,0.0,0.1486828,0.0,-9.431872e-05,0.003011762,-0.0007194777,0.0,-3.7031434e-05,-0.0006626048,0.00015681246,0.00011891942,0.0,0.0,0.0,0.0,0.00010557275
0.0,-0.0002339295,0.0,-0.00068230764,0.0033752343,0.06239625,0.0,0.0020384404,0.0,0.1422151,0.0,-0.00014305294,0.00847964,-0.0007194777,0.0,-0.000112155045,0.0033699665,-0.0029303366,0.0012894961,0.0,0.0,0.0,0.0,0.00045459825
0.0,-0.0002339295,0.0,0.0045351028,0.006157503,-0.04604815,0.0,-0.00035436603,0.0,0.01797646,0.0,0.0005883472,-0.006077535,0.0017199988,0.0,-3.7031434e-05,-0.0006626048,0.0006624266,0.0003121309,0.0,0.0,0.0,0.0,0.00027398457
0.0,-0.0002339295,0.0,-0.0033414792,0.0021060742,-0.019014655,0.0,-0.005205496,0.0,0.0064879884,0.0,-0.00043124825,-0.002801742,-0.009245323,0.0,0.00010171174,0.0019031074,0.00043610283,0.0003121309,0.0,0.0,0.0,0.0,-0.0012147739
0.0,-0.00097208784,0.0,-0.00080757495,0.0136919,-0.043257993,0.0,-0.00074959133,0.0,-0.1336787,0.0,-0.00017875468,0.014711729,-0.0015304646,0.0,-7.003697e-05,-0.002763302,0.00015681246,0.00011891942,0.0,0.0,0.0,0.0,0.00010557275
0.0,-0.0002339295,0.0,-0.0012212767,-0.017322762,0.014853579,0.0,-0.00074959133,0.0,-0.01059684,0.0,0.0002665798,0.0038496586,-0.0015304646,0.0,3.3583252e-05,-0.00068614306,-0.028340569,-0.012937874,0.0,0.0,0.0,0.0,-0.012636581
0.0,0.009014375,0.0,-0.0007298237,0.00326968,0.065321654,0.0,0.00096366386,0.0,0.13790676,0.0,-0.00022694151,0.003011762,0.0005846538,0.0,-3.7031434e-05,-0.0006626048,0.00015681246,0.00011891942,0.0,0.0,0.0,0.0,0.00010557275
0.0,-0.0002339295,0.0,-0.0030580973,0.0036199212,0.016796209,0.0,-0.00074959133,0.0,0.002445639,0.0,0.0014579907,-0.00089147256,-0.0015304646,0.0,-0.000112155045,0.0033699665,0.00043610283,0.0003121309,0.0,0.0,0.0,0.0,-0.0012147739
0.0,-0.0002339295,0.0,-0.0007298237,0.0033752343,0.06239625,0.0,0.0020384404,0.0,0.14530438,0.0,-0.00014305294,0.007478738,-0.0007194777,0.0,-3.7031434e-05,-0.0006626048,0.00015681246,0.00011891942,0.0,0.0,0.0,0.0,0.00045459825
0.0,-0.0002339295,0.0,-0.0007298237,0.00326968,0.06379392,0.0,0.00096366386,0.0,0.1486828,0.0,-0.00022694151,0.003011762,0.0005846538,0.0,-3.7031434e-05,-0.0006626048,0.00015681246,0.00011891942,0.0,0.0,0.0,0.0,0.00010557275
0.0,-0.0002339295,0.0,-0.000753362,0.0033752343,0.06239625,0.0,0.0020384404,0.0,0.14936069,0.0,-0.00014305294,0.0058690542,-0.0007194777,0.0,3.3583252e-05,-0.00068614306,0.00015681246,0.00011891942,0.0,0.0,0.0,0.0,-0.0020155665
0.0,-0.0008386152,0.0,0.00085411745,-0.0072430656,-0.055186898,0.0,-0.00074959133,0.0,-0.1388098,0.0,-0.0005912598,-0.0025777328,-0.0015304646,0.0,-7.003697e-05,-0.0007391213,0.00018699338,0.00011891942,0.0,0.0,0.0,0.0,0.00010557275
0.0,-0.0003488319,0.0,-0.0025527405,0.006627496,-0.05019433,0.0,-0.00074959133,0.0,-0.13570786,0.0,-0.00017875468,-0.012309048,-0.0015304646,0.0,-0.0003460301,0.003759127,0.00015681246,0.00011891942,0.0,0.0,0.0,0.0,0.00010557275
0.0,-0.0002339295,0.0,-0.0028975822,0.0024563156,0.022755127,0.0,-0.00074959133,0.0,0.008167249,0.0,0.0014579907,-0.009412177,-0.0015304646,0.0,-3.7031434e-05,-0.00035065186,0.00043610283,0.0003121309,0.0,0.0,0.0,0.0,0.00027398457
0.0,-0.0003488319,0.0,-0.0008305985,0.006157503,-0.04995934,0.0,-0.00074959133,0.0,-0.13746017,0.0,-0.00017875468,-0.012074051,-0.0015304646,0.0,-0.0003460301,0.003759127,0.00018699338,0.00011891942,0.0,0.0,0.0,0.0,0.00010557275
0.0,-0.0002339295,0.0,-0.0029046668,0.0136919,-0.048804604,0.0,-0.00035436603,0.0,0.007831759,0.0,0.0005883472,0.012486577,0.0017199988,0.0,3.3583252e-05,-0.00068614306,0.00043610283,0.0003121309,0.0,0.0,0.0,0.0,0.00027398457
0.0,-0.0002339295,0.0,-0.0007298237,0.0012600082,0.060281023,0.0,0.0020384404,0.0,0.14544848,0.0,0.0040873997,0.007478738,-0.0007194777,0.0,-3.7031434e-05,-0.0006626048,0.00030090005,-0.00016925579,0.0,0.0,0.0,0.0,0.00045459825
0.0,-0.0008386152,0.0,0.0024806224,-0.0072430656,-0.055186898,0.0,-0.00074959133,0.0,-0.13780192,0.0,-0.0005912598,-0.0014542028,-0.0015304646,0.0,-0.000522604,-0.004044486,0.00018699338,0.00011891942,0.0,0.0,0.0,0.0,0.00010557275
0.0,-0.0003488319,0.0,-0.002209432,0.006157503,-0.052996077,0.0,-0.00035436603,0.0,-0.13718098,0.0,-0.00031137755,-0.012074051,0.0012436687,0.0,0.00031380955,0.0041989386,0.00018699338,0.00011891942,0.0,0.0,0.0,0.0,0.00010557275
0.0,-0.0003488319,0.0,0.00091456703,-0.014592587,-0.056724124,0.0,-0.00035436603,0.0,-0.13841802,0.0,-0.0007238826,0.0043544504,0.0012436687,0.0,-7.003697e-05,-0.002763302,0.00018699338,0.00011891942,0.0,0.0,0.0,0.0,0.00010557275
0.0,-0.0002339295,0.0,0.0045351028,-0.00076867343,0.0036667702,0.0,-0.00074959133,0.0,0.011472944,0.0,-0.016177354,-0.00685526,-0.0021166385,0.0,-3.7031434e-05,-0.0006626048,0.0017429257,-0.00044425012,0.0,0.0,0.0,0.0,0.00027398457
0.0,-0.0002339295,0.0,-0.0028975822,0.0021060742,-0.0056916564,0.0,0.0031824762,0.0,0.0075389734,0.0,-0.0017853137,-0.0019041193,0.0007843517,0.0,-3.7031434e-05,-0.00035065186,0.00043610283,0.0003121309,0.0,0.0,0.0,0.0,-0.0012147739
0.0,-0.0002339295,0.0,-0.0028811283,0.00039493263,0.010677191,0.0,0.0020384404,0.0,0.007855296,0.0,0.0014579907,0.0017355755,-0.0007194777,0.0,-3.7031434e-05,-0.0006626048,0.00043610283,0.0003121309,0.0,0.0,0.0,0.0,0.00027398457
0.0,-0.0003488319,0.0,0.00085411745,0.006157503,-0.052996077,0.0,-0.00035436603,0.0,-0.13850927,0.0,-0.00031137755,-0.005962785,0.0012436687,0.0,-7.003697e-05,-0.0007391213,0.00033108098,-0.00016925579,0.0,0.0,0.0,0.0,-0.00046808118
0.0,-0.00097208784,0.0,0.00085411745,-0.0025391574,-0.013852206,0.0,-0.005205496,0.0,-0.13580911,0.0,-0.00049919356,-0.0019455676,-0.009245323,0.0,-7.003697e-05,-0.0007391213,0.00033108098,-0.00016925579,0.0,0.0,0.0,0.0,0.00010557275
0.0,-0.0002339295,0.0,-0.0028811283,0.0021060742,-0.0056916564,0.0,0.0031824762,0.0,0.007227021,0.0,-0.0017853137,-0.0012966673,0.0007843517,0.0,-3.7031434e-05,-0.0006626048,0.00043610283,0.0003121309,0.0,0.0,0.0,0.0,-0.0012147739
0.0,-0.0001367922,0.0,0.0045351028,0.013221907,-0.035871312,0.0,-0.00035436603,0.0,0.018073596,0.0,-0.00031137755,0.013982259,0.0012436687,0.0,-3.7031434e-05,-0.0006626048,0.0006624266,0.0003121309,0.0,0.0,0.0,0.0,0.00027398457
0.0,-0.0003488319,0.0,0.00085411745,0.006157503,-0.052996077,0.0,-0.00035436603,0.0,-0.13865337,0.0,-0.00031137755,-0.005962785,0.0012436687,0.0,-7.003697e-05,-0.0007391213,0.00018699338,0.00011891942,0.0,0.0,0.0,0.0,-0.00046808118
0.0,-0.0003488319,0.0,-0.00080757495,0.006627496,-0.05019433,0.0,-0.00074959133,0.0,-0.1366657,0.0,-0.00017875468,-0.005043041,-0.0015304646,0.0,-7.003697e-05,-0.002763302,0.00015681246,0.00011891942,0.0,0.0,0.0,0.0,0.00010557275
0.0,-0.0003488319,0.0,0.00091456703,0.0136919,-0.044080757,0.0,-0.00035436603,0.0,-0.13827394,0.0,-0.00031137755,0.014861499,0.0012436687,0.0,-7.003697e-05,-0.002763302,0.00033108098,-0.00016925579,0.0,0.0,0.0,0.0,0.00010557275
0.0,-0.0002339295,0.0,-0.0028975822,0.0021060742,-0.019014655,0.0,-0.005205496,0.0,0.008167249,0.0,-0.00043124825,-0.004021155,-0.009245323,0.0,-3.7031434e-05,-0.00035065186,0.00043610283,0.0003121309,0.0,0.0,0.0,0.0,0.00027398457
0.0,-0.0003488319,0.0,0.00013324997,-0.0072430656,-0.05554629,0.0,-0.00074959133,0.0,-0.13012788,0.0,-0.0005912598,0.0056452565,-0.0015304646,0.0,-0.0003460301,0.014053976,0.00018699338,0.00011891942,0.0,0.0,0.0,0.0,-0.00046808118
0.0,-0.0008386152,0.0,-0.0008680244,0.006157503,-0.052636683,0.0,-0.00035436603,0.0,-0.13705748,0.0,-0.00031137755,-0.006249612,0.0012436687,0.0,-7.003697e-05,-0.0007391213,0.00015681246,0.00011891942,0.0,0.0,0.0,0.0,0.00010557275
0.0,-0.0008386152,0.0,0.00085411745,-0.0072430656,-0.058223635,0.0,-0.00035436603,0.0,-0.13852298,0.0,-0.0007238826,-0.002290906,0.0012436687,0.0,-7.003697e-05,-0.0007391213,0.00018699338,0.00011891942,0.0,0.0,0.0,0.0,-0.00046808118
0.0,-0.00097208784,0.0,0.00091456703,0.006157503,-0.05253874,0.0,-0.00035436603,0.0,-0.13796528,0.0,-0.00031137755,-0.0045212167,0.0012436687,0.0,-7.003697e-05,-0.002763302,0.00018699338,0.00011891942,0.0,0.0,0.0,0.0,-0.00046808118
0.0,-0.00097208784,0.0,0.00085411745,-0.0072430656,-0.058125693,0.0,-0.00035436603,0.0,-0.13877428,0.0,-0.0007238826,-0.0025777328,0.0012436687,0.0,-7.003697e-05,-0.0007391213,0.00018699338,0.00011891942,0.0,0.0,0.0,0.0,0.00010557275
0.0,-0.0003488319,0.0,0.00048443425,-0.0072430656,-0.05554629,0.0,-0.00074959133,0.0,-0.13577294,0.0,-0.0005912598,-0.002290906,-0.0015304646,0.0,-7.003697e-05,-0.0007391213,-0.0034943237,0.0012894961,0.0,0.0,0.0,0.0,-0.00046808118
0.0,0.009014375,0.0,-0.0007298237,0.0033752343,0.063923985,0.0,0.0020384404,0.0,0.13452834,0.0,-0.00014305294,0.007478738,-0.0007194777,0.0,-3.7031434e-05,-0.0006626048,0.00015681246,0.00011891942,0.0,0.0,0.0,0.0,0.00045459825
0.0,-0.0001367922,0.0,0.0045186486,0.006157503,-0.045021623,0.0,-0.00035436603,0.0,0.018385548,0.0,-0.00031137755,-0.0065297326,0.0012436687,0.0,-3.7031434e-05,-0.00035065186,0.0006624266,0.0003121309,0.0,0.0,0.0,0.0,0.00027398457
0.0,0.009014375,0.0,-0.0007298237,0.0033752343,0.063923985,0.0,0.0020384404,0.0,0.13860819,0.0,-0.00014305294,0.0058690542,-0.0007194777,0.0,-3.7031434e-05,-0.0006626048,0.00015681246,0.00011891942,0.0,0.0,0.0,0.0,-0.0020155665
0.0,-0.0002339295,0.0,0.004511565,0.0020749508,-0.012793586,0.0,-0.001170285,0.0,0.019173738,0.0,-0.001834048,0.016031917,0.0075128293,0.0,3.3583252e-05,-0.00068614306,0.0006624266,0.0003121309,0.0,0.0,0.0,0.0,0.0028501006
0.0,-0.0002339295,0.0,-0.0028975822,0.0021060742,-0.008067372,0.0,-0.001170285,0.0,0.008167249,0.0,-0.0017853137,-0.004021155,0.0075128293,0.0,-3.7031434e-05,-0.00035065186,0.00043610283,0.0003121309,0.0,0.0,0.0,0.0,0.00027398457
0.0,-0.0002339295,0.0,-0.0007298237,0.00326968,0.06389065,0.0,0.0020384404,0.0,0.1486828,0.0,-9.431872e-05,0.003011762,-0.0007194777,0.0,-3.7031434e-05,-0.0006626048,0.00015681246,0.00011891942,0.0,0.0,0.0,0.0,0.00010557275
0.0,-0.0008386152,0.0,0.00085411745,-0.0072430656,-0.055186898,0.0,-0.00074959133,0.0,-0.13852298,0.0,-0.0005912598,-0.002290906,-0.0015304646,0.0,-7.003697e-05,-0.0007391213,0.00018699338,0.00011891942,0.0,0.0,0.0,0.0,-0.00046808118
0.0,-0.00097208784,0.0,-0.0008940509,0.00326968,-0.023684494,0.0,-0.005205496,0.0,-0.1336393,0.0,-0.00043124825,0.003451508,-0.009245323,0.0,6.351549e-05,-0.002849778,0.00015681246,0.00011891942,0.0,0.0,0.0,0.0,0.00010557275
0.0,-0.0001367922,0.0,0.0045351028,-0.0072430656,-0.047571838,0.0,-0.00074959133,0.0,0.018073596,0.0,-0.0005912598,-0.002250401,-0.0015304646,0.0,-3.7031434e-05,-0.0006626048,0.0006624266,0.0003121309,0.0,0.0,0.0,0.0,0.00027398457
0.0,-0.0002339295,0.0,-0.0007298237,0.0033752343,0.06295853,0.0,-0.00035436603,0.0,0.14530438,0.0,-0.00027567576,0.007478738,0.0012436687,0.0,-3.7031434e-05,-0.0006626048,0.00015681246,0.00011891942,0.0,0.0,0.0,0.0,0.00045459825
0.0,-0.0002339295,0.0,0.0045351028,0.0027996865,-0.024738576,0.0,-0.005205496,0.0,0.011797061,0.0,-0.00043124825,0.0016166067,-0.009245323,0.0,-3.7031434e-05,-0.0006626048,0.0006624266,0.0003121309,0.0,0.0,0.0,0.0,0.00027398457
0.0,-0.0002339295,0.0,-0.0029046668,0.00326968,-0.011650577,0.0,0.0031824762,0.0,0.007831759,0.0,-0.0017853137,0.0013816103,0.0007843517,0.0,3.3583252e-05,-0.00068614306,0.00043610283,0.0003121309,0.0,0.0,0.0,0.0,0.00027398457
0.0,-0.0008386152,0.0,0.0007676415,-0.0072430656,-0.058223635,0.0,-0.00035436603,0.0,-0.13862632,0.0,-0.0007238826,-0.0025777328,0.0012436687,0.0,6.351549e-05,-0.0008255973,0.00033108098,-0.00016925579,0.0,0.0,0.0,0.0,0.00010557275
0.0,0.009014375,0.0,-0.000753362,0.0033752343,0.06382725,0.0,0.00096366386,0.0,0.1345048,0.0,-0.00027567576,0.007478738,0.0005846538,0.0,3.3583252e-05,-0.00068614306,0.00015681246,0.00011891942,0.0,0.0,0.0,0.0,0.00045459825
0.0,0.009014375,0.0,-0.0007298237,0.00326968,0.0690174,0.0,-0.00074959133,0.0,0.13790676,0.0,-9.431872e-05,0.003011762,-0.0015304646,0.0,-3.7031434e-05,-0.0006626048,0.00015681246,0.00011891942,0.0,0.0,0.0,0.0,0.00010557275
0.0,-0.0008386152,0.0,0.00085411745,-0.0072430656,-0.058223635,0.0,-0.00035436603,0.0,-0.1388098,0.0,-0.0007238826,-0.0025777328,0.0012436687,0.0,-7.003697e-05,-0.0007391213,0.00018699338,0.00011891942,0.0,0.0,0.0,0.0,0.00010557275
0.0,-0.0002339295,0.0,-0.0007298237,0.002106074,0.06984957,0.0,0.0020384404,0.0,0.1486828,0.0,-9.431872e-05,-0.0017835516,-0.0007194777,0.0,-3.7031434e-05,-0.0006626048,0.00015681246,0.00011891942,0.0,0.0,0.0,0.0,0.00010557275
0.0,-0.0003488319,0.0,-0.00080757495,0.006627496,-0.053231075,0.0,-0.00035436603,0.0,-0.13637888,0.0,-0.00031137755,-0.0047562136,0.0012436687,0.0,-7.003697e-05,-0.002763302,0.00015681246,0.00011891942,0.0,0.0,0.0,0.0,-0.00046808118
0.0,-0.0003488319,0.0,-0.002209432,0.006157503,-0.052996077,0.0,-0.00035436603,0.0,-0.13718098,0.0,-0.00031137755,-0.012074051,0.0012436687,0.0,0.00031380955,0.0041989386,0.00018699338,0.00011891942,0.0,0.0,0.0,0.0,0.00010557275
0.0,-0.0002339295,0.0,0.004511565,0.0020749508,-0.012793586,0.0,-0.001170285,0.0,0.019173738,0.0,-0.001834048,0.016031917,0.0075128293,0.0,3.3583252e-05,-0.00068614306,0.0006624266,0.0003121309,0.0,0.0,0.0,0.0,0.0028501006
0.0,0.03231569,0.0,0.0030234326,-0.0072430656,-0.053698126,0.0,-0.00035436603,0.0,-0.122165196,0.0,-0.0007238826,-0.002005685,0.0012436687,0.0,-0.000522604,-0.0035016765,0.00018699338,0.00011891942,0.0,0.0,0.0,0.0,-0.00046808118
0.0,-0.0003488319,0.0,0.00048443425,0.006157503,-0.054216877,0.0,-0.00035436603,0.0,-0.12995559,0.0,0.0005883472,-0.00611804,0.0017199988,0.0,-7.003697e-05,-0.0007391213,-0.0061868723,-0.0018353157,0.0,0.0,0.0,0.0,-0.00046808118
0.0,0.009014375,0.0,-0.0007298237,0.0012600082,0.061808757,0.0,0.0020384404,0.0,0.13860819,0.0,0.0040873997,0.0058690542,-0.0007194777,0.0,-3.7031434e-05,-0.0006626048,0.00015681246,0.00011891942,0.0,0.0,0.0,0.0,-0.0020155665
0.0,0.009014375,0.0,-0.0007298237,0.0033752343,0.06382725,0.0,0.00096366386,0.0,0.13452834,0.0,-0.00027567576,0.007478738,0.0005846538,0.0,-3.7031434e-05,-0.0006626048,0.00015681246,0.00011891942,0.0,0.0,0.0,0.0,0.00045459825
0.0,-0.0002339295,0.0,-0.0028811283,0.0033752343,-0.014689162,0.0,-0.001170285,0.0,0.015255511,0.0,-0.001834048,0.016627211,0.0075128293,0.0,-3.7031434e-05,-0.0006626048,0.00043610283,0.0003121309,0.0,0.0,0.0,0.0,0.0028501006
0.0,-0.00097208784,0.0,0.00085411745,-0.0072430656,-0.055088956,0.0,-0.00074959133,0.0,-0.13848744,0.0,-0.0005912598,-0.002290906,-0.0015304646,0.0,-7.003697e-05,-0.0007391213,0.00018699338,0.00011891942,0.0,0.0,0.0,0.0,-0.00046808118
0.0,-0.0002339295,0.0,-0.0028811283,0.0021060742,-0.008067372,0.0,-0.001170285,0.0,0.007855296,0.0,-0.0017853137,-0.0034137033,0.0075128293,0.0,-3.7031434e-05,-0.0006626048,0.00043610283,0.0003121309,0.0,0.0,0.0,0.0,0.00027398457
0.0,-0.0003488319,0.0,0.00091456703,0.013221907,-0.043845765,0.0,-0.00035436603,0.0,-0.13841802,0.0,-0.00031137755,0.015096496,0.0012436687,0.0,-7.003697e-05,-0.002763302,0.00018699338,0.00011891942,0.0,0.0,0.0,0.0,0.00010557275
0.0,-0.0002339295,0.0,-0.0007298237,0.00326968,0.06389065,0.0,0.0020384404,0.0,0.1486828,0.0,-9.431872e-05,0.003011762,-0.0007194777,0.0,-3.7031434e-05,-0.0006626048,0.00015681246,0.00011891942,0.0,0.0,0.0,0.0,0.00010557275
0.0,-0.0003488319,0.0,0.00091456703,-0.0072430656,-0.05858303,0.0,-0.00035436603,0.0,-0.13841802,0.0,-0.0007238826,-0.0011361646,0.0012436687,0.0,-7.003697e-05,-0.002763302,0.00018699338,0.00011891942,0.0,0.0,0.0,0.0,0.00010557275
0.0,-0.0003488319,0.0,0.00085411745,0.006627496,-0.05019433,0.0,-0.00074959133,0.0,-0.13894019,0.0,-0.00017875468,-0.006484609,-0.0015304646,0.0,-7.003697e-05,-0.0007391213,0.00018699338,0.00011891942,0.0,0.0,0.0,0.0,0.00010557275
0.0,-0.0008386152,0.0,0.00091456703,-0.0072430656,-0.055186898,0.0,-0.00074959133,0.0,-0.13828763,0.0,-0.0005912598,-0.0011361646,-0.0015304646,0.0,-7.003697e-05,-0.002763302,0.00018699338,0.00011891942,0.0,0.0,0.0,0.0,0.00010557275
0.0,-0.0003488319,0.0,0.00091456703,-0.014592587,-0.053687386,0.0,-0.00074959133,0.0,-0.1381312,0.0,-0.0005912598,0.0046412777,-0.0015304646,0.0,-7.003697e-05,-0.002763302,0.00018699338,0.00011891942,0.0,0.0,0.0,0.0,-0.00046808118
0.0,0.009014375,0.0,-0.0007298237,0.0012600082,0.061808757,0.0,0.0020384404,0.0,0.13860819,0.0,0.0040873997,0.0058690542,-0.0007194777,0.0,-3.7031434e-05,-0.0006626048,0.00015681246,0.00011891942,0.0,0.0,0.0,0.0,-0.0020155665
0.0,-0.0008386152,0.0,-0.0008680244,0.006627496,-0.05287168,0.0,-0.00035436603,0.0,-0.13705748,0.0,-0.00031137755,-0.006484609,0.0012436687,0.0,-7.003697e-05,-0.0007391213,0.00015681246,0.00011891942,0.0,0.0,0.0,0.0,0.00010557275
0.0,-0.0002339295,0.0,-0.0029046668,0.00326968,-0.024973573,0.0,-0.005205496,0.0,0.007831759,0.0,-0.00043124825,0.0013816103,-0.009245323,0.0,3.3583252e-05,-0.00068614306,0.00043610283,0.0003121309,0.0,0.0,0.0,0.0,0.00027398457
0.0,-0.0002339295,0.0,0.0045351028,0.0027996865,-0.0117642945,0.0,0.01415584,0.0,0.011168785,0.0,-0.00043124825,0.0037336429,-0.000965227,0.0,-3.7031434e-05,-0.0006626048,0.0006624266,0.0003121309,0.0,0.0,0.0,0.0,-0.0012147739
0.0,-0.0003488319,0.0,-0.0009545004,0.006627496,-0.05019433,0.0,-0.00074959133,0.0,-0.13714847,0.0,-0.00017875468,-0.006484609,-0.0015304646,0.0,6.351549e-05,-0.0008255973,0.00015681246,0.00011891942,0.0,0.0,0.0,0.0,0.00010557275
0.0,-0.0003488319,0.0,0.00085411745,-0.0072430656,-0.05554629,0.0,-0.00074959133,0.0,-0.13865337,0.0,-0.0005912598,-0.002290906,-0.0015304646,0.0,-7.003697e-05,-0.0007391213,0.00018699338,0.00011891942,0.0,0.0,0.0,0.0,-0.00046808118
0.0,-0.0002339295,0.0,0.0045351028,0.0027996865,-0.024738576,0.0,-0.005205496,0.0,0.011797061,0.0,-0.00043124825,0.0016166067,-0.009245323,0.0,-3.7031434e-05,-0.0006626048,0.0006624266,0.0003121309,0.0,0.0,0.0,0.0,0.00027398457
0.0,-0.0002339295,0.0,-0.0029211207,0.0021060742,-0.008067372,0.0,-0.001170285,0.0,0.0075154356,0.0,-0.0017853137,-0.0019041193,0.0075128293,0.0,3.3583252e-05,-0.0003741901,0.00043610283,0.0003121309,0.0,0.0,0.0,0.0,-0.0012147739
0.0,0.009014375,0.0,-0.0010735828,0.0012600082,0.061712027,0.0,0.00096366386,0.0,0.12958017,0.0,0.0039547766,0.00847964,0.0005846538,0.0,0.00010171174,0.0034896801,0.00015681246,0.00011891942,0.0,0.0,0.0,0.0,0.00045459825
0.0,-0.0003488319,0.0,0.00085411745,-0.0072430656,-0.05980383,0.0,-0.00035436603,0.0,-0.13894019,0.0,0.00017584208,-0.0027329875,0.0017199988,0.0,-7.003697e-05,-0.0007391213,0.00018699338,0.00011891942,0.0,0.0,0.0,0.0,0.00010557275
0.0,0.009014375,0.0,-0.00090679247,0.0033752343,0.063923985,0.0,0.0020384404,0.0,0.12974697,0.0,-0.00014305294,0.00847964,-0.0007194777,0.0,-0.000112155045,0.0033699665,0.00015681246,0.00011891942,0.0,0.0,0.0,0.0,0.00045459825
0.0,-0.0003488319,0.0,-0.0008680244,0.006627496,-0.053231075,0.0,-0.00035436603,0.0,-0.13718787,0.0,-0.00031137755,-0.006484609,0.0012436687,0.0,-7.003697e-05,-0.0007391213,0.00015681246,0.00011891942,0.0,0.0,0.0,0.0,0.00010557275
0.0,-0.00097208784,0.0,-0.0008305985,0.006157503,-0.05253874,0.0,-0.00035436603,0.0,-0.13729425,0.0,-0.00031137755,-0.012074051,0.0012436687,0.0,-0.0003460301,0.003759127,0.00018699338,0.00011891942,0.0,0.0,0.0,0.0,0.00010557275
0.0,-0.00097208784,0.0,0.00048443425,-0.0072430656,-0.060797,0.0,-0.00035436603,0.0,-0.13307276,0.0,-0.0007238826,-0.0027275023,0.0012436687,0.0,-7.003697e-05,-0.0007391213,-0.0034943237,0.0012894961,0.0,0.0,0.0,0.0,0.00010557275
0.0,-0.0002339295,0.0,-0.0028975822,0.0024563156,0.00618677,0.0,-0.00074959133,0.0,0.00784313,0.0,-0.016177354,-0.013207698,-0.0021166385,0.0,-3.7031434e-05,-0.00035065186,0.001516602,-0.00044425012,0.0,0.0,0.0,0.0,0.00027398457
0.0,-0.0002339295,0.0,-0.0007298237,0.0033752343,0.062299516,0.0,0.00096366386,0.0,0.14530438,0.0,-0.00027567576,0.007478738,0.0005846538,0.0,-3.7031434e-05,-0.0006626048,0.00015681246,0.00011891942,0.0,0.0,0.0,0.0,0.00045459825
0.0,0.009014375,0.0,-0.0007298237,0.0033752343,0.06382725,0.0,0.00096366386,0.0,0.13452834,0.0,-0.00027567576,0.007478738,0.0005846538,0.0,-3.7031434e-05,-0.0006626048,0.00015681246,0.00011891942,0.0,0.0,0.0,0.0,0.00045459825
0.0,-0.0002339295,0.0,0.0045351028,0.0016360807,-0.0054566613,0.0,0.0031824762,0.0,0.011168785,0.0,-0.0017853137,-0.0010616706,0.0007843517,0.0,-3.7031434e-05,-0.0006626048,0.0006624266,0.0003121309,0.0,0.0,0.0,0.0,-0.0012147739
0.0,-0.0002339295,0.0,-0.0007298237,0.00326968,0.06379392,0.0,0.00096366386,0.0,0.1486828,0.0,-0.00022694151,0.003011762,0.0005846538,0.0,-3.7031434e-05,-0.0006626048,0.00015681246,0.00011891942,0.0,0.0,0.0,0.0,0.00010557275
0.0,-0.0003488319,0.0,-0.0009545004,0.006627496,-0.053231075,0.0,-0.00035436603,0.0,-0.13714847,0.0,-0.00031137755,-0.006484609,0.0012436687,0.0,6.351549e-05,-0.0008255973,0.00015681246,0.00011891942,0.0,0.0,0.0,0.0,0.00010557275
0.0,-0.00097208784,0.0,0.00085411745,-0.0025391574,-0.013852206,0.0,-0.005205496,0.0,-0.13580911,0.0,-0.00049919356,-0.0019455676,-0.009245323,0.0,-7.003697e-05,-0.0007391213,0.00033108098,-0.00016925579,0.0,0.0,0.0,0.0,0.00010557275
0.0,-0.0002339295,0.0,-0.0007298237,0.0033752343,0.06239625,0.0,0.0020384404,0.0,0.14530438,0.0,-0.00014305294,0.007478738,-0.0007194777,0.0,-3.7031434e-05,-0.0006626048,0.00015681246,0.00011891942,0.0,0.0,0.0,0.0,0.00045459825
0.0,-0.0002339295,0.0,0.0045351028,0.0016360807,0.003431682,0.0,-0.001170285,0.0,0.011797061,0.0,0.011599268,-0.0033339611,0.012376111,0.0,-3.7031434e-05,-0.0006626048,0.0006624266,0.0003121309,0.0,0.0,0.0,0.0,0.00027398457
0.0,-0.0008386152,0.0,0.00091456703,-0.0072430656,-0.058223635,0.0,-0.00035436603,0.0,-0.13828763,0.0,-0.0007238826,-0.0011361646,0.0012436687,0.0,-7.003697e-05,-0.002763302,0.00018699338,0.00011891942,0.0,0.0,0.0,0.0,0.00010557275
0.0,-0.0008386152,0.0,0.00091456703,-0.0072430656,-0.058223635,0.0,-0.00035436603,0.0,-0.13828763,0.0,-0.0007238826,-0.0011361646,0.0012436687,0.0,-7.003697e-05,-0.002763302,0.00018699338,0.00011891942,0.0,0.0,0.0,0.0,0.00010557275
0.0,-0.0002339295,0.0,-0.0030580973,0.00326968,-0.014026293,0.0,-0.001170285,0.0,0.003073915,0.0,-0.0017853137,0.0023825127,0.0075128293,0.0,-0.000112155045,0.0033699665,0.00043610283,0.0003121309,0.0,0.0,0.0,0.0,0.00027398457
0.0,-0.0002339295,0.0,-0.0028811283,0.0016360807,-0.007832375,0.0,-0.001170285,0.0,0.007855296,0.0,-0.0017853137,-0.0031787066,0.0075128293,0.0,-3.7031434e-05,-0.0006626048,0.00043610283,0.0003121309,0.0,0.0,0.0,0.0,0.00027398457
0.0,-0.0002339295,0.0,0.004241542,0.0021060742,-0.0056916564,0.0,0.0031824762,0.0,0.010596544,0.0,-0.0017853137,-0.002801742,0.0007843517,0.0,-0.000112155045,0.0017833943,0.0006624266,0.0003121309,0.0,0.0,0.0,0.0,-0.0012147739
0.0,-0.0002339295,0.0,-0.000753362,0.00326968,0.06479487,0.0,0.0020384404,0.0,0.14894608,0.0,-0.00025709788,0.0031433343,-0.0013056517,0.0,3.3583252e-05,-0.00068614306,0.00015681246,0.00011891942,0.0,0.0,0.0,0.0,-0.00046808118
0.0,-0.0003488319,0.0,0.00085411745,0.006157503,-0.052996077,0.0,-0.00035436603,0.0,-0.13894019,0.0,-0.00031137755,-0.006249612,0.0012436687,0.0,-7.003697e-05,-0.0007391213,0.00018699338,0.00011891942,0.0,0.0,0.0,0.0,0.00010557275
0.0,-0.0003488319,0.0,0.00085411745,-0.0072430656,-0.05858303,0.0,-0.00035436603,0.0,-0.13894019,0.0,-0.0007238826,-0.0025777328,0.0012436687,0.0,-7.003697e-05,-0.0007391213,0.00018699338,0.00011891942,0.0,0.0,0.0,0.0,0.00010557275
0.0,0.009014375,0.0,-0.0007298237,0.00326968,0.065321654,0.0,0.00096366386,0.0,0.13819358,0.0,-0.00022694151,0.0032985888,0.0005846538,0.0,-3.7031434e-05,-0.0006626048,0.00015681246,0.00011891942,0.0,0.0,0.0,0.0,-0.00046808118
0.0,-0.00097208784,0.0,0.00039795827,0.0021060742,-0.017725576,0.0,-0.005205496,0.0,-0.13303337,0.0,-0.00043124825,-0.002785374,-0.009245323,0.0,6.351549e-05,-0.0008255973,-0.0034943237,0.0012894961,0.0,0.0,0.0,0.0,0.00010557275
0.0,-0.0003488319,0.0,0.00085411745,-0.0072430656,-0.05554629,0.0,-0.00074959133,0.0,-0.13894019,0.0,-0.0005912598,-0.0025777328,-0.0015304646,0.0,-7.003697e-05,-0.0007391213,0.00018699338,0.00011891942,0.0,0.0,0.0,0.0,0.00010557275
0.0,-0.0001367922,0.0,-0.0028811283,0.013797455,-0.044078324,0.0,-0.00035436603,0.0,0.017193738,0.0,-0.00036011176,0.021683713,0.0012436687,0.0,-3.7031434e-05,-0.0006626048,0.00043610283,0.0003121309,0.0,0.0,0.0,0.0,0.0028501006
0.0,-0.0002339295,0.0,0.004511565,-0.003749727,-0.003028858,0.0,0.0031824762,0.0,0.011145247,0.0,-0.001853259,0.0019642776,0.0007843517,0.0,3.3583252e-05,-0.00068614306,0.0006624266,0.0003121309,0.0,0.0,0.0,0.0,-0.0012147739
0.0,-0.00097208784,0.0,0.00085411745,0.006157503,-0.05253874,0.0,-0.00035436603,0.0,-0.13877428,0.0,-0.00031137755,-0.006249612,0.0012436687,0.0,-7.003697e-05,-0.0007391213,0.00018699338,0.00011891942,0.0,0.0,0.0,0.0,0.00010557275
0.0,-0.0002339295,0.0,-0.0028811283,0.0033752343,-0.012313448,0.0,0.0031824762,0.0,0.015255511,0.0,-0.001834048,0.016627211,0.0007843517,0.0,-3.7031434e-05,-0.0006626048,0.00043610283,0.0003121309,0.0,0.0,0.0,0.0,0.0028501006
0.0,0.009014375,0.0,-0.0010735828,0.00326968,0.0663226,0.0,0.0020384404,0.0,0.13295859,0.0,-0.00025709788,0.00385741,-0.0013056517,0.0,0.00010171174,0.0034896801,0.00015681246,0.00011891942,0.0,0.0,0.0,0.0,0.00010557275
0.0,-0.0002339295,0.0,-0.0028811283,0.0020749508,-0.01041787,0.0,0.0031824762,0.0,0.015255511,0.0,-0.001834048,0.016031917,0.0007843517,0.0,-3.7031434e-05,-0.0006626048,0.00043610283,0.0003121309,0.0,0.0,0.0,0.0,0.0028501006
0.0,-0.0001367922,0.0,-0.0029046668,0.0136919,-0.036106303,0.0,-0.00035436603,0.0,0.014108294,0.0,-0.00031137755,0.013747262,0.0012436687,0.0,3.3583252e-05,-0.00068614306,0.00043610283,0.0003121309,0.0,0.0,0.0,0.0,0.00027398457
0.0,-0.0002339295,0.0,-0.0011977386,0.0027996865,-0.024738576,0.0,-0.005205496,0.0,0.0034207501,0.0,-0.00043124825,0.0037336429,-0.009245323,0.0,-3.7031434e-05,-0.0006626048,-0.008149403,0.009090172,0.0,0.0,0.0,0.0,-0.0012147739
0.0,-0.0003488319,0.0,0.00085411745,-0.0072430656,-0.05858303,0.0,-0.00035436603,0.0,-0.13894019,0.0,-0.0007238826,-0.0025777328,0.0012436687,0.0,-7.003697e-05,-0.0007391213,0.00018699338,0.00011891942,0.0,0.0,0.0,0.0,0.00010557275
0.0,-0.0003488319,0.0,-0.0012455833,0.006157503,-0.052996077,0.0,-0.00035436603,0.0,-0.12984869,0.0,-0.00031137755,0.0019733768,0.0012436687,0.0,0.00031380955,0.014493788,0.00018699338,0.00011891942,0.0,0.0,0.0,0.0,-0.00046808118
0.0,-0.00097208784,0.0,-0.0008680244,0.0016360807,-0.006543298,0.0,-0.001170285,0.0,-0.13405678,0.0,-0.0017853137,-0.0025503775,0.0075128293,0.0,-7.003697e-05,-0.0007391213,0.00030090005,-0.00016925579,0.0,0.0,0.0,0.0,0.00010557275
0.0,-0.0001367922,0.0,-0.0028811283,0.006627496,-0.045256622,0.0,-0.00035436603,0.0,0.014131831,0.0,-0.00031137755,-0.006157277,0.0012436687,0.0,-3.7031434e-05,-0.0006626048,0.00043610283,0.0003121309,0.0,0.0,0.0,0.0,0.00027398457
0.0,-0.0002339295,0.0,-0.0029046668,0.00326968,-0.011650577,0.0,0.0031824762,0.0,0.007831759,0.0,-0.0017853137,0.0013816103,0.0007843517,0.0,3.3583252e-05,-0.00068614306,0.00043610283,0.0003121309,0.0,0.0,0.0,0.0,0.00027398457
0.0,-0.0003488319,0.0,-0.00080757495,0.0136919,-0.044080757,0.0,-0.00035436603,0.0,-0.1366657,0.0,-0.00031137755,0.014861499,0.0012436687,0.0,-7.003697e-05,-0.002763302,0.00015681246,0.00011891942,0.0,0.0,0.0,0.0,0.00010557275
0.0,-0.0002339295,0.0,-0.000753362,0.0033752343,0.06239625,0.0,0.0020384404,0.0,0.14528084,0.0,-0.00014305294,0.007478738,-0.0007194777,0.0,3.3583252e-05,-0.00068614306,0.00015681246,0.00011891942,0.0,0.0,0.0,0.0,0.00045459825
0.0,-0.0002339295,0.0,0.0045351028,-0.00034464028,-0.039399426,0.0,0.00096366386,0.0,0.021038366,0.0,0.009233633,0.021088421,0.0005846538,0.0,-3.7031434e-05,-0.0006626048,0.0006624266,0.0003121309,0.0,0.0,0.0,0.0,0.0028501006
0.0,-0.0008386152,0.0,-0.00080757495,0.013221907,-0.04348637,0.0,-0.00035436603,0.0,-0.1362485,0.0,-0.00031137755,0.015383323,0.0012436687,0.0,-7.003697e-05,-0.002763302,0.00015681246,0.00011891942,0.0,0.0,0.0,0.0,-0.00046808118
0.0,-0.0003488319,0.0,0.00085411745,-0.0072430656,-0.05554629,0.0,-0.00074959133,0.0,-0.13894019,0.0,-0.0005912598,-0.0025777328,-0.0015304646,0.0,-7.003697e-05,-0.0007391213,0.00018699338,0.00011891942,0.0,0.0,0.0,0.0,0.00010557275
0.0,-0.0003488319,0.0,-0.0009545004,0.006157503,-0.052996077,0.0,-0.00035436603,0.0,-0.13686165,0.0,-0.00031137755,-0.005962785,0.0012436687,0.0,6.351549e-05,-0.0008255973,0.00015681246,0.00011891942,0.0,0.0,0.0,0.0,-0.00046808118
0.0,-0.0001367922,0.0,0.0045351028,-0.015317324,-0.055061102,0.0,-0.00035436603,0.0,0.021135503,0.0,-0.0007726168,0.0103463745,0.0012436687,0.0,-3.7031434e-05,-0.0006626048,0.0006624266,0.0003121309,0.0,0.0,0.0,0.0,0.0028501006
0.0,-0.0003488319,0.0,-0.0008680244,0.006627496,-0.053231075,0.0,-0.00035436603,0.0,-0.13690105,0.0,-0.00031137755,-0.006197782,0.0012436687,0.0,-7.003697e-05,-0.0007391213,0.00015681246,0.00011891942,0.0,0.0,0.0,0.0,-0.00046808118
0.0,-0.00097208784,0.0,0.00091456703,-0.014592587,-0.055901356,0.0,-0.00074959133,0.0,-0.13528694,0.0,-0.0005912598,0.004204681,-0.0015304646,0.0,-7.003697e-05,-0.002763302,0.00033108098,-0.00016925579,0.0,0.0,0.0,0.0,0.00010557275
0.0,-0.0003488319,0.0,0.00085411745,-0.0072430656,-0.05858303,0.0,-0.00035436603,0.0,-0.1387961,0.0,-0.0007238826,-0.0025777328,0.0012436687,0.0,-7.003697e-05,-0.0007391213,0.00033108098,-0.00016925579,0.0,0.0,0.0,0.0,0.00010557275
0.0,-0.00097208784,0.0,0.0007676415,0.0016360807,-0.017490579,0.0,-0.005205496,0.0,-0.13591379,0.0,-0.00043124825,-0.0025503775,-0.009245323,0.0,6.351549e-05,-0.0008255973,0.00018699338,0.00011891942,0.0,0.0,0.0,0.0,0.00010557275
0.0,-0.0002339295,0.0,-0.0030580973,0.006627496,-0.04506235,0.0,-0.00035436603,0.0,0.009253313,0.0,-0.00031137755,-0.005156375,0.0012436687,0.0,-0.000112155045,0.0033699665,0.00043610283,0.0003121309,0.0,0.0,0.0,0.0,0.00027398457
0.0,-0.0008386152,0.0,0.0030234326,-0.0072430656,-0.058223635,0.0,-0.00035436603,0.0,-0.13804922,0.0,-0.0007238826,-0.002292512,0.0012436687,0.0,-0.000522604,-0.0035016765,0.00018699338,0.00011891942,0.0,0.0,0.0,0.0,0.00010557275
0.0,-0.0003488319,0.0,0.00091456703,0.0136919,-0.044080757,0.0,-0.00035436603,0.0,-0.13841802,0.0,-0.00031137755,0.014861499,0.0012436687,0.0,-7.003697e-05,-0.002763302,0.00018699338,0.00011891942,0.0,0.0,0.0,0.0,0.00010557275
0.0,-0.0008386152,0.0,0.018151445,-0.0072430656,-0.055186898,0.0,-0.00074959133,0.0,-0.12777546,0.0,-0.0005912598,-0.0038544098,-0.0015304646,0.0,-0.0075620725,0.017809298,0.00018699338,0.00011891942,0.0,0.0,0.0,0.0,0.00010557275
0.0,-0.0003488319,0.0,0.00091456703,-0.0072430656,-0.056132466,0.0,-0.00074959133,0.0,-0.13841802,0.0,0.00058108807,-0.0011361646,-0.0021166385,0.0,-7.003697e-05,-0.002763302,0.00018699338,0.00011891942,0.0,0.0,0.0,0.0,0.00010557275
0.0,-0.0003488319,0.0,-0.0008680244,0.006627496,-0.053231075,0.0,-0.00035436603,0.0,-0.13690105,0.0,-0.00031137755,-0.006197782,0.0012436687,0.0,-7.003697e-05,-0.0007391213,0.00015681246,0.00011891942,0.0,0.0,0.0,0.0,-0.00046808118
0.0,-0.0002339295,0.0,0.0069143376,-0.0025391574,0.001436506,0.0,0.01415584,0.0,0.003841619,0.0,0.0020373287,-0.0002246286,-0.006950005,0.0,-0.0009850422,0.0048458492,0.0006624266,0.0003121309,0.0,0.0,0.0,0.0,-0.0012147739
0.0,-0.0008386152,0.0,-0.0025527405,0.006627496,-0.05287168,0.0,-0.00035436603,0.0,-0.13557747,0.0,-0.00031137755,-0.012309048,0.0012436687,0.0,-0.0003460301,0.003759127,0.00015681246,0.00011891942,0.0,0.0,0.0,0.0,0.00010557275
0.0,-0.0002339295,0.0,-0.00090679247,0.0012600082,0.060281023,0.0,0.0020384404,0.0,0.14052302,0.0,0.0040873997,0.00847964,-0.0007194777,0.0,-0.000112155045,0.0033699665,0.00015681246,0.00011891942,0.0,0.0,0.0,0.0,0.00045459825
0.0,-0.0002339295,0.0,-0.0011977386,0.0033752343,-0.014689162,0.0,-0.001170285,0.0,0.01144924,0.0,-0.001834048,0.016627211,0.0075128293,0.0,-3.7031434e-05,-0.0006626048,-0.008149403,0.009090172,0.0,0.0,0.0,0.0,0.0028501006
0.0,-0.0003488319,0.0,0.00091456703,0.0136919,-0.041044023,0.0,-0.00074959133,0.0,-0.13841802,0.0,-0.00017875468,0.014861499,-0.0015304646,0.0,-7.003697e-05,-0.002763302,0.00018699338,0.00011891942,0.0,0.0,0.0,0.0,0.00010557275
0.0,-0.0002339295,0.0,-0.0028811283,0.00620042,0.031581886,0.0,0.0020384404,0.0,0.015255511,0.0,0.0002665798,0.030283753,-0.0007194777,0.0,-3.7031434e-05,-0.0006626048,0.00043610283,0.0003121309,0.0,0.0,0.0,0.0,0.0028501006
0.0,-0.0002339295,0.0,0.0045186486,0.0016360807,-0.0058053746,0.0,0.01415584,0.0,0.012109014,0.0,-0.00043124825,-0.0037861587,-0.000965227,0.0,-3.7031434e-05,-0.00035065186,0.0006624266,0.0003121309,0.0,0.0,0.0,0.0,0.00027398457
0.0,-0.00097208784,0.0,-0.0025527405,0.006627496,-0.05277374,0.0,-0.00035436603,0.0,-0.13554193,0.0,-0.00031137755,-0.012309048,0.0012436687,0.0,-0.0003460301,0.003759127,0.00015681246,0.00011891942,0.0,0.0,0.0,0.0,0.00010557275
0.0,-0.0002339295,0.0,-0.0010735828,0.00326968,0.06445293,0.0,-0.00035436603,0.0,0.14402145,0.0,-0.00022694151,0.004299491,0.0012436687,0.0,0.00010171174,0.0034896801,0.00015681246,0.00011891942,0.0,0.0,0.0,0.0,-0.00046808118
0.0,-0.0002339295,0.0,-0.0010735828,0.00326968,0.06389065,0.0,0.0020384404,0.0,0.14402145,0.0,-9.431872e-05,0.004299491,-0.0007194777,0.0,0.00010171174,0.0034896801,0.00015681246,0.00011891942,0.0,0.0,0.0,0.0,-0.00046808118
0.0,0.009014375,0.0,-0.0007298237,0.0033752343,0.063923985,0.0,0.0020384404,0.0,0.13452834,0.0,-0.00014305294,0.007478738,-0.0007194777,0.0,-3.7031434e-05,-0.0006626048,0.00015681246,0.00011891942,0.0,0.0,0.0,0.0,0.00045459825
0.0,-0.0002339295,0.0,0.004511565,-0.003749727,-0.003377573,0.0,0.01415584,0.0,0.011773523,0.0,-0.00049919356,-0.00015275832,-0.000965227,0.0,3.3583252e-05,-0.00068614306,0.0006624266,0.0003121309,0.0,0.0,0.0,0.0,0.00027398457
0.0,-0.00097208784,0.0,-0.002209432,0.006627496,-0.049736995,0.0,-0.00074959133,0.0,-0.13701507,0.0,-0.00017875468,-0.012309048,-0.0015304646,0.0,0.00031380955,0.0041989386,0.00018699338,0.00011891942,0.0,0.0,0.0,0.0,0.00010557275
0.0,-0.0008386152,0.0,0.00085411745,0.006157503,-0.052636683,0.0,-0.00035436603,0.0,-0.13866572,0.0,-0.00031137755,-0.006249612,0.0012436687,0.0,-7.003697e-05,-0.0007391213,0.00033108098,-0.00016925579,0.0,0.0,0.0,0.0,0.00010557275
0.0,-0.0002339295,0.0,-0.0028975822,0.0021060742,-0.0056916564,0.0,0.0031824762,0.0,0.00784313,0.0,-0.0017853137,-0.004021155,0.0007843517,0.0,-3.7031434e-05,-0.00035065186,0.001516602,-0.00044425012,0.0,0.0,0.0,0.0,0.00027398457
0.0,-0.0008386152,0.0,0.00013324997,-0.0072430656,-0.058223635,0.0,-0.00035436603,0.0,-0.13028431,0.0,-0.0007238826,0.005358429,0.0012436687,0.0,-0.0003460301,0.014053976,0.00018699338,0.00011891942,0.0,0.0,0.0,0.0,0.00010557275
0.0,-0.0002339295,0.0,-0.0028975822,0.0021060742,-0.0039272434,0.0,0.01415584,0.0,0.008167249,0.0,0.0034404013,-0.004021155,-0.006950005,0.0,-3.7031434e-05,-0.00035065186,0.00043610283,0.0003121309,0.0,0.0,0.0,0.0,0.00027398457
0.0,0.009014375,0.0,-0.0007298237,0.002106074,0.072281525,0.0,0.0020384404,0.0,0.13790676,0.0,-0.00025709788,-0.0019388061,-0.0013056517,0.0,-3.7031434e-05,-0.0006626048,0.00015681246,0.00011891942,0.0,0.0,0.0,0.0,0.00010557275
0.0,-0.0002339295,0.0,-0.0030580973,0.0036199212,0.01319719,0.0,0.0020384404,0.0,0.003073915,0.0,0.0014579907,-0.0030085086,-0.0007194777,0.0,-0.000112155045,0.0033699665,0.00043610283,0.0003121309,0.0,0.0,0.0,0.0,0.00027398457
0.0,-0.0002339295,0.0,-0.0030580973,0.0027996865,-0.01141558,0.0,0.0031824762,0.0,0.0021215202,0.0,-0.0017853137,0.004734545,0.0007843517,0.0,-0.000112155045,0.0033699665,0.001516602,-0.00044425012,0.0,0.0,0.0,0.0,-0.0012147739
0.0,0.009014375,0.0,-0.00090679247,0.0033752343,0.06382725,0.0,0.00096366386,0.0,0.12974697,0.0,-0.00027567576,0.00847964,0.0005846538,0.0,-0.000112155045,0.0033699665,0.00015681246,0.00011891942,0.0,0.0,0.0,0.0,0.00045459825
0.0,-0.00097208784,0.0,0.00085411745,0.006627496,-0.049736995,0.0,-0.00074959133,0.0,-0.13877428,0.0,-0.00017875468,-0.006484609,-0.0015304646,0.0,-7.003697e-05,-0.0007391213,0.00018699338,0.00011891942,0.0,0.0,0.0,0.0,0.00010557275
0.0,-0.0002339295,0.0,-0.000753362,0.0033752343,0.062299516,0.0,0.00096366386,0.0,0.14528084,0.0,-0.00027567576,0.007478738,0.0005846538,0.0,3.3583252e-05,-0.00068614306,0.00015681246,0.00011891942,0.0,0.0,0.0,0.0,0.00045459825
0.0,-0.0002339295,0.0,-0.000753362,0.0033752343,0.062299516,0.0,0.00096366386,0.0,0.14936069,0.0,-0.00027567576,0.0058690542,0.0005846538,0.0,3.3583252e-05,-0.00068614306,0.00015681246,0.00011891942,0.0,0.0,0.0,0.0,-0.0020155665
0.0,0.009014375,0.0,-0.0007298237,0.0027996867,0.065653384,0.0,0.0020384404,0.0,0.13819358,0.0,-9.431872e-05,0.0035335855,-0.0007194777,0.0,-3.7031434e-05,-0.0006626048,0.00015681246,0.00011891942,0.0,0.0,0.0,0.0,-0.00046808118
0.0,-0.0002339295,0.0,-0.0029046668,0.0027996865,-0.013791296,0.0,-0.001170285,0.0,0.007831759,0.0,-0.0017853137,0.0016166067,0.0075128293,0.0,3.3583252e-05,-0.00068614306,0.00043610283,0.0003121309,0.0,0.0,0.0,0.0,0.00027398457
0.0,0.009014375,0.0,-0.00090679247,0.0012600082,0.065407775,0.0,-0.00074959133,0.0,0.13382682,0.0,0.0040873997,0.0068699564,-0.0015304646,0.0,-0.000112155045,0.0033699665,0.00015681246,0.00011891942,0.0,0.0,0.0,0.0,-0.0020155665
0.0,-0.0002339295,0.0,-0.0032248877,0.00326968,-0.014026293,0.0,-0.001170285,0.0,0.0029071253,0.0,-0.0017853137,0.0023825127,0.0075128293,0.0,0.00010171174,0.0034896801,0.00043610283,0.0003121309,0.0,0.0,0.0,0.0,0.00027398457
0.0,-0.0002339295,0.0,-0.0028811283,0.00326968,-0.014026293,0.0,-0.001170285,0.0,0.007855296,0.0,-0.0017853137,0.0013816103,0.0075128293,0.0,-3.7031434e-05,-0.0006626048,0.00043610283,0.0003121309,0.0,0.0,0.0,0.0,0.00027398457
0.0,-0.0002339295,0.0,0.0045186486,0.0016360807,-0.0058053746,0.0,0.01415584,0.0,0.011480738,0.0,-0.00043124825,-0.0016691226,-0.000965227,0.0,-3.7031434e-05,-0.00035065186,0.0006624266,0.0003121309,0.0,0.0,0.0,0.0,-0.0012147739
0.0,-0.0003488319,0.0,0.00091456703,0.0136919,-0.044080757,0.0,-0.00035436603,0.0,-0.13841802,0.0,-0.00031137755,0.014861499,0.0012436687,0.0,-7.003697e-05,-0.002763302,0.00018699338,0.00011891942,0.0,0.0,0.0,0.0,0.00010557275
0.0,-0.00097208784,0.0,0.00085411745,0.006157503,-0.05253874,0.0,-0.00035436603,0.0,-0.13877428,0.0,-0.00031137755,-0.006249612,0.0012436687,0.0,-7.003697e-05,-0.0007391213,0.00018699338,0.00011891942,0.0,0.0,0.0,0.0,0.00010557275
0.0,-0.0002339295,0.0,0.0045351028,0.0027996865,-0.013791296,0.0,-0.001170285,0.0,0.011797061,0.0,-0.0017853137,0.0016166067,0.0075128293,0.0,-3.7031434e-05,-0.0006626048,0.0006624266,0.0003121309,0.0,0.0,0.0,0.0,0.00027398457
0.0,-0.0002339295,0.0,-0.0005053389,0.0033752343,0.06239625,0.0,0.0020384404,0.0,0.15281384,0.0,-0.00014305294,0.007478738,-0.0007194777,0.0,-3.7031434e-05,-0.0006626048,-0.0056228847,-0.0018353157,0.0,0.0,0.0,0.0,0.00045459825
0.0,-0.0002339295,0.0,-0.0028811283,0.0016360807,-0.0054566613,0.0,0.0031824762,0.0,0.006902902,0.0,-0.0017853137,-0.0010616706,0.0007843517,0.0,-3.7031434e-05,-0.0006626048,0.001516602,-0.00044425012,0.0,0.0,0.0,0.0,-0.0012147739
0.0,-0.0008386152,0.0,0.00091456703,-0.0072430656,-0.055186898,0.0,-0.00074959133,0.0,-0.13828763,0.0,-0.0005912598,-0.0011361646,-0.0015304646,0.0,-7.003697e-05,-0.002763302,0.00018699338,0.00011891942,0.0,0.0,0.0,0.0,0.00010557275
0.0,-0.0002339295,0.0,-0.0028811283,0.00039493263,0.010580459,0.0,0.00096366386,0.0,0.0075311777,0.0,0.001325368,0.0017355755,0.0005846538,0.0,-3.7031434e-05,-0.0006626048,0.001516602,-0.00044425012,0.0,0.0,0.0,0.0,0.00027398457
0.0,-0.0002339295,0.0,0.0045351028,0.00326968,-0.024973573,0.0,-0.005205496,0.0,0.011797061,0.0,-0.00043124825,0.0013816103,-0.009245323,0.0,-3.7031434e-05,-0.0006626048,0.0006624266,0.0003121309,0.0,0.0,0.0,0.0,0.00027398457
0.0,-0.0002339295,0.0,-0.0028811283,0.00326968,-0.024973573,0.0,-0.005205496,0.0,0.007227021,0.0,-0.00043124825,0.0034986464,-0.009245323,0.0,-3.7031434e-05,-0.0006626048,0.00043610283,0.0003121309,0.0,0.0,0.0,0.0,-0.0012147739
0.0,-0.0008386152,0.0,0.00085411745,-0.0072430656,-0.055186898,0.0,-0.00074959133,0.0,-0.1388098,0.0,-0.0005912598,-0.0025777328,-0.0015304646,0.0,-7.003697e-05,-0.0007391213,0.00018699338,0.00011891942,0.0,0.0,0.0,0.0,0.00010557275
0.0,-0.0001367922,0.0,-0.0030580973,0.013221907,-0.035871312,0.0,-0.00035436603,0.0,0.00935045,0.0,-0.00031137755,0.014983161,0.0012436687,0.0,-0.000112155045,0.0033699665,0.00043610283,0.0003121309,0.0,0.0,0.0,0.0,0.00027398457
0.0,-0.0002339295,0.0,-0.0028811283,0.0036199212,0.013100457,0.0,0.00096366386,0.0,0.007855296,0.0,0.001325368,-0.0040094107,0.0005846538,0.0,-3.7031434e-05,-0.0006626048,0.00043610283,0.0003121309,0.0,0.0,0.0,0.0,0.00027398457
0.0,-0.0002339295,0.0,-0.0028811283,0.0021060742,-0.0060403696,0.0,0.01415584,0.0,0.007227021,0.0,-0.00043124825,-0.0012966673,-0.000965227,0.0,-3.7031434e-05,-0.0006626048,0.00043610283,0.0003121309,0.0,0.0,0.0,0.0,-0.0012147739
0.0,-0.0008386152,0.0,0.00091456703,0.013221907,-0.040449634,0.0,-0.00074959133,0.0,-0.13800082,0.0,-0.00017875468,0.015383323,-0.0015304646,0.0,-7.003697e-05,-0.002763302,0.00018699338,0.00011891942,0.0,0.0,0.0,0.0,-0.00046808118
0.0,-0.0002339295,0.0,-0.0028811283,0.00326968,-0.011650577,0.0,0.0031824762,0.0,0.007855296,0.0,-0.0017853137,0.0013816103,0.0007843517,0.0,-3.7031434e-05,-0.0006626048,0.00043610283,0.0003121309,0.0,0.0,0.0,0.0,0.00027398457
0.0,-0.0002339295,0.0,-0.0007298237,0.0012600082,0.060184292,0.0,0.00096366386,0.0,0.14544848,0.0,0.0039547766,0.007478738,0.0005846538,0.0,-3.7031434e-05,-0.0006626048,0.00030090005,-0.00016925579,0.0,0.0,0.0,0.0,0.00045459825
0.0,0.009014375,0.0,-0.0007298237,0.0033752343,0.063923985,0.0,0.0020384404,0.0,0.13452834,0.0,-0.00014305294,0.007478738,-0.0007194777,0.0,-3.7031434e-05,-0.0006626048,0.00015681246,0.00011891942,0.0,0.0,0.0,0.0,0.00045459825
0.0,-0.0003488319,0.0,0.00085411745,-0.0072430656,-0.05858303,0.0,-0.00035436603,0.0,-0.13894019,0.0,-0.0007238826,-0.0025777328,0.0012436687,0.0,-7.003697e-05,-0.0007391213,0.00018699338,0.00011891942,0.0,0.0,0.0,0.0,0.00010557275
0.0,0.009014375,0.0,-0.0007298237,0.002106074,0.07128058,0.0,0.00096366386,0.0,0.13790676,0.0,-0.00022694151,-0.0017835516,0.0005846538,0.0,-3.7031434e-05,-0.0006626048,0.00015681246,0.00011891942,0.0,0.0,0.0,0.0,0.00010557275
0.0,-0.0008386152,0.0,0.00085411745,0.006627496,-0.05287168,0.0,-0.00035436603,0.0,-0.13852298,0.0,-0.00031137755,-0.006197782,0.0012436687,0.0,-7.003697e-05,-0.0007391213,0.00018699338,0.00011891942,0.0,0.0,0.0,0.0,-0.00046808118
0.0,-0.0002339295,0.0,-0.00090679247,0.0033752343,0.06295853,0.0,-0.00035436603,0.0,0.14052302,0.0,-0.00027567576,0.00847964,0.0012436687,0.0,-0.000112155045,0.0033699665,0.00015681246,0.00011891942,0.0,0.0,0.0,0.0,0.00045459825
0.0,-0.0002339295,0.0,-0.0028811283,0.006627496,-0.04506235,0.0,-0.00035436603,0.0,0.013406416,0.0,-0.00031137755,-0.0040402412,0.0012436687,0.0,-3.7031434e-05,-0.0006626048,0.00043610283,0.0003121309,0.0,0.0,0.0,0.0,-0.0012147739
0.0,-0.0008386152,0.0,0.00091456703,0.006157503,-0.052636683,0.0,-0.00035436603,0.0,-0.13800082,0.0,-0.00031137755,-0.0045212167,0.0012436687,0.0,-7.003697e-05,-0.002763302,0.00018699338,0.00011891942,0.0,0.0,0.0,0.0,-0.00046808118
0.0,-0.00097208784,0.0,-0.001588892,0.006627496,-0.0524083,0.0,-0.00074959133,0.0,-0.12567538,0.0,-0.00017875468,0.0013017836,-0.0015304646,0.0,-0.0003460301,0.014053976,0.00015681246,0.00011891942,0.0,0.0,0.0,0.0,0.00010557275
0.0,-0.0002339295,0.0,-0.0007298237,-4.027551e-05,0.06273888,0.0,-0.00035436603,0.0,0.14938423,0.0,0.0039547766,0.0052737603,0.0012436687,0.0,-3.7031434e-05,-0.0006626048,0.00015681246,0.00011891942,0.0,0.0,0.0,0.0,-0.0020155665
0.0,-0.0002339295,0.0,-0.0007298237,0.0033752343,0.06239625,0.0,0.0020384404,0.0,0.14938423,0.0,-0.00014305294,0.0058690542,-0.0007194777,0.0,-3.7031434e-05,-0.0006626048,0.00015681246,0.00011891942,0.0,0.0,0.0,0.0,-0.0020155665
0.0,-0.00097208784,0.0,-0.0008680244,0.0021060742,-0.017725576,0.0,-0.005205496,0.0,-0.13391405,0.0,-0.00043124825,-0.002498547,-0.009245323,0.0,-7.003697e-05,-0.0007391213,0.00015681246,0.00011891942,0.0,0.0,0.0,0.0,-0.00046808118
0.0,-0.0003488319,0.0,-0.0009545004,0.006627496,-0.053231075,0.0,-0.00035436603,0.0,-0.13714847,0.0,-0.00031137755,-0.006484609,0.0012436687,0.0,6.351549e-05,-0.0008255973,0.00015681246,0.00011891942,0.0,0.0,0.0,0.0,0.00010557275
0.0,-0.0008386152,0.0,-0.00080757495,0.006627496,-0.05287168,0.0,-0.00035436603,0.0,-0.1362485,0.0,-0.00031137755,-0.0047562136,0.0012436687,0.0,-7.003697e-05,-0.002763302,0.00015681246,0.00011891942,0.0,0.0,0.0,0.0,-0.00046808118
0.0,-0.0002339295,0.0,0.0045351028,0.013221907,-0.035677038,0.0,-0.00035436603,0.0,0.017348181,0.0,-0.00031137755,0.016099295,0.0012436687,0.0,-3.7031434e-05,-0.0006626048,0.0006624266,0.0003121309,0.0,0.0,0.0,0.0,-0.0012147739
0.0,-0.0008386152,0.0,0.0030234326,-0.0072430656,-0.058223635,0.0,-0.00035436603,0.0,-0.13804922,0.0,-0.0007238826,-0.002292512,0.0012436687,0.0,-0.000522604,-0.0035016765,0.00018699338,0.00011891942,0.0,0.0,0.0,0.0,0.00010557275
0.0,-0.0008386152,0.0,0.00013324997,-0.0072430656,-0.058223635,0.0,-0.00035436603,0.0,-0.13014022,0.0,-0.0007238826,0.005358429,0.0012436687,0.0,-0.0003460301,0.014053976,0.00033108098,-0.00016925579,0.0,0.0,0.0,0.0,0.00010557275
0.0,-0.00097208784,0.0,-0.0008680244,0.0016360807,-0.017490579,0.0,-0.005205496,0.0,-0.13376996,0.0,-0.00043124825,-0.0022635506,-0.009245323,0.0,-7.003697e-05,-0.0007391213,0.00030090005,-0.00016925579,0.0,0.0,0.0,0.0,-0.00046808118
0.0,-0.0008386152,0.0,0.00091456703,-0.0072430656,-0.058223635,0.0,-0.00035436603,0.0,-0.13814355,0.0,-0.0007238826,-0.0011361646,0.0012436687,0.0,-7.003697e-05,-0.002763302,0.00033108098,-0.00016925579,0.0,0.0,0.0,0.0,0.00010557275
0.0,-0.0008386152,0.0,0.0007676415,-0.0072430656,-0.058223635,0.0,-0.00035436603,0.0,-0.13848358,0.0,-0.0007238826,-0.002290906,0.0012436687,0.0,6.351549e-05,-0.0008255973,0.00018699338,0.00011891942,0.0,0.0,0.0,0.0,-0.00046808118
0.0,-0.0008386152,0.0,-0.0008305985,-0.0072430656,-0.055186898,0.0,-0.00074959133,0.0,-0.13732979,0.0,-0.0005912598,-0.0084021725,-0.0015304646,0.0,-0.0003460301,0.003759127,0.00018699338,0.00011891942,0.0,0.0,0.0,0.0,0.00010557275
0.0,-0.0002339295,0.0,0.0045351028,0.0016360807,-0.007832375,0.0,-0.001170285,0.0,0.011797061,0.0,-0.0017853137,-0.0031787066,0.0075128293,0.0,-3.7031434e-05,-0.0006626048,0.0006624266,0.0003121309,0.0,0.0,0.0,0.0,0.00027398457
0.0,-0.0003488319,0.0,0.00091456703,-0.0072430656,-0.05554629,0.0,-0.00074959133,0.0,-0.1381312,0.0,-0.0005912598,-0.00084933767,-0.0015304646,0.0,-7.003697e-05,-0.002763302,0.00018699338,0.00011891942,0.0,0.0,0.0,0.0,-0.00046808118
0.0,0.009014375,0.0,-0.0007298237,0.0033752343,0.063923985,0.0,0.0020384404,0.0,0.13452834,0.0,-0.00014305294,0.007478738,-0.0007194777,0.0,-3.7031434e-05,-0.0006626048,0.00015681246,0.00011891942,0.0,0.0,0.0,0.0,0.00045459825
0.0,0.009014375,0.0,-0.0007298237,0.0033752343,0.063923985,0.0,0.0020384404,0.0,0.13860819,0.0,-0.00014305294,0.0058690542,-0.0007194777,0.0,-3.7031434e-05,-0.0006626048,0.00015681246,0.00011891942,0.0,0.0,0.0,0.0,-0.0020155665
0.0,-0.0008386152,0.0,0.00091456703,-0.014592587,-0.053327993,0.0,-0.00074959133,0.0,-0.13828763,0.0,-0.0005912598,0.0043544504,-0.0015304646,0.0,-7.003697e-05,-0.002763302,0.00018699338,0.00011891942,0.0,0.0,0.0,0.0,0.00010557275
0.0,-0.0008386152,0.0,0.0007676415,-0.0072430656,-0.059444435,0.0,-0.00035436603,0.0,-0.13848358,0.0,0.00017584208,-0.0024461604,0.0017199988,0.0,6.351549e-05,-0.0008255973,0.00018699338,0.00011891942,0.0,0.0,0.0,0.0,-0.00046808118
0.0,-0.0002339295,0.0,0.004511565,0.0020749508,-0.023740865,0.0,-0.005205496,0.0,0.019173738,0.0,-0.0004799825,0.016031917,-0.009245323,0.0,3.3583252e-05,-0.00068614306,0.0006624266,0.0003121309,0.0,0.0,0.0,0.0,0.0028501006
0.0,0.009014375,0.0,-0.0029046668,0.00039493263,0.012204925,0.0,0.0020384404,0.0,-0.0035725553,0.0,0.0014579907,0.0038526114,-0.0007194777,0.0,3.3583252e-05,-0.00068614306,0.00043610283,0.0003121309,0.0,0.0,0.0,0.0,-0.0012147739
0.0,-0.0002339295,0.0,-0.0028811283,0.00326968,-0.014026293,0.0,-0.001170285,0.0,0.007855296,0.0,-0.0017853137,0.0013816103,0.0075128293,0.0,-3.7031434e-05,-0.0006626048,0.00043610283,0.0003121309,0.0,0.0,0.0,0.0,0.00027398457
0.0,0.009014375,0.0,-0.0007298237,0.0033752343,0.06382725,0.0,0.00096366386,0.0,0.13860819,0.0,-0.00027567576,0.0058690542,0.0005846538,0.0,-3.7031434e-05,-0.0006626048,0.00015681246,0.00011891942,0.0,0.0,0.0,0.0,-0.0020155665
0.0,0.009014375,0.0,-0.0007298237,0.0033752343,0.061509356,0.0,0.00096366386,0.0,0.13860819,0.0,0.0011725944,0.0062623452,0.0010609839,0.0,-3.7031434e-05,-0.0006626048,0.00015681246,0.00011891942,0.0,0.0,0.0,0.0,-0.0020155665
0.0,-0.0002339295,0.0,-0.0029046668,0.00326968,-0.011999291,0.0,0.01415584,0.0,0.007203483,0.0,-0.00043124825,0.0034986464,-0.000965227,0.0,3.3583252e-05,-0.00068614306,0.00043610283,0.0003121309,0.0,0.0,0.0,0.0,-0.0012147739
0.0,-0.0002339295,0.0,-0.0028811283,0.0027996865,-0.013791296,0.0,-0.001170285,0.0,0.007855296,0.0,-0.0017853137,0.0016166067,0.0075128293,0.0,-3.7031434e-05,-0.0006626048,0.00043610283,0.0003121309,0.0,0.0,0.0,0.0,0.00027398457
0.0,-0.00097208784,0.0,-0.00080757495,0.006157503,-0.05217331,0.0,-0.00074959133,0.0,-0.1336787,0.0,-0.00017875468,-0.0049578133,-0.0015304646,0.0,-7.003697e-05,-0.002763302,0.00015681246,0.00011891942,0.0,0.0,0.0,0.0,0.00010557275
0.0,-0.0003488319,0.0,0.00091456703,0.006627496,-0.053231075,0.0,-0.00035436603,0.0,-0.1381312,0.0,-0.00031137755,-0.0047562136,0.0012436687,0.0,-7.003697e-05,-0.002763302,0.00018699338,0.00011891942,0.0,0.0,0.0,0.0,-0.00046808118
0.0,-0.0002339295,0.0,-0.0028975822,0.0021060742,-0.008067372,0.0,-0.001170285,0.0,0.008167249,0.0,-0.0017853137,-0.004021155,0.0075128293,0.0,-3.7031434e-05,-0.00035065186,0.00043610283,0.0003121309,0.0,0.0,0.0,0.0,0.00027398457
0.0,-0.0008386152,0.0,0.00091456703,-0.0072430656,-0.058223635,0.0,-0.00035436603,0.0,-0.13828763,0.0,-0.0007238826,-0.0011361646,0.0012436687,0.0,-7.003697e-05,-0.002763302,0.00018699338,0.00011891942,0.0,0.0,0.0,0.0,0.00010557275
0.0,-0.0002339295,0.0,-0.0028811283,0.0036199212,0.013759472,0.0,-0.00035436603,0.0,0.006902902,0.0,0.001325368,-0.0018923748,0.0012436687,0.0,-3.7031434e-05,-0.0006626048,0.001516602,-0.00044425012,0.0,0.0,0.0,0.0,-0.0012147739
0.0,-0.0002339295,0.0,-0.0028975822,0.0024563156,0.01915611,0.0,0.0020384404,0.0,0.008167249,0.0,0.0014579907,-0.009412177,-0.0007194777,0.0,-3.7031434e-05,-0.00035065186,0.00043610283,0.0003121309,0.0,0.0,0.0,0.0,0.00027398457
0.0,-0.0003488319,0.0,0.00085411745,-0.0072430656,-0.05554629,0.0,-0.00074959133,0.0,-0.13894019,0.0,-0.0005912598,-0.0025777328,-0.0015304646,0.0,-7.003697e-05,-0.0007391213,0.00018699338,0.00011891942,0.0,0.0,0.0,0.0,0.00010557275
0.0,0.009014375,0.0,-0.0007298237,0.0012600082,0.065407775,0.0,-0.00074959133,0.0,0.13452834,0.0,0.0040873997,0.007478738,-0.0015304646,0.0,-3.7031434e-05,-0.0006626048,0.00015681246,0.00011891942,0.0,0.0,0.0,0.0,0.00045459825
0.0,-0.00097208784,0.0,0.00091456703,0.013221907,-0.040351693,0.0,-0.00074959133,0.0,-0.13825211,0.0,-0.00017875468,0.015096496,-0.0015304646,0.0,-7.003697e-05,-0.002763302,0.00018699338,0.00011891942,0.0,0.0,0.0,0.0,0.00010557275
0.0,-0.00097208784,0.0,-0.0008680244,0.006627496,-0.049736995,0.0,-0.00074959133,0.0,-0.13673511,0.0,-0.00017875468,-0.006197782,-0.0015304646,0.0,-7.003697e-05,-0.0007391213,0.00015681246,0.00011891942,0.0,0.0,0.0,0.0,-0.00046808118
0.0,-0.0003488319,0.0,0.00091456703,-0.014592587,-0.056724124,0.0,-0.00035436603,0.0,-0.1379871,0.0,-0.0007238826,0.0046412777,0.0012436687,0.0,-7.003697e-05,-0.002763302,0.00033108098,-0.00016925579,0.0,0.0,0.0,0.0,-0.00046808118
0.0,-0.00097208784,0.0,-0.002209432,0.006157503,-0.05253874,0.0,-0.00035436603,0.0,-0.13701507,0.0,-0.00031137755,-0.012074051,0.0012436687,0.0,0.00031380955,0.0041989386,0.00018699338,0.00011891942,0.0,0.0,0.0,0.0,0.00010557275
0.0,-0.0002339295,0.0,-0.0028811283,0.0024563156,0.022755127,0.0,-0.00074959133,0.0,0.007855296,0.0,0.0014579907,-0.008804725,-0.0015304646,0.0,-3.7031434e-05,-0.0006626048,0.00043610283,0.0003121309,0.0,0.0,0.0,0.0,0.00027398457
0.0,-0.0003488319,0.0,0.0030234326,-0.0072430656,-0.05554629,0.0,-0.00074959133,0.0,-0.1381796,0.0,-0.0005912598,-0.002292512,-0.0015304646,0.0,-0.000522604,-0.0035016765,0.00018699338,0.00011891942,0.0,0.0,0.0,0.0,0.00010557275
0.0,-0.0003488319,0.0,-0.001588892,0.006627496,-0.05019433,0.0,-0.00074959133,0.0,-0.12837556,0.0,-0.00017875468,0.00173838,-0.0015304646,0.0,-0.0003460301,0.014053976,0.00015681246,0.00011891942,0.0,0.0,0.0,0.0,-0.00046808118
0.0,0.009014375,0.0,-0.0007298237,0.0012600082,0.065407775,0.0,-0.00074959133,0.0,0.13467243,0.0,0.0040873997,0.007478738,-0.0015304646,0.0,-3.7031434e-05,-0.0006626048,0.00030090005,-0.00016925579,0.0,0.0,0.0,0.0,0.00045459825
0.0,-0.0008386152,0.0,-0.0008305985,-0.0072430656,-0.058223635,0.0,-0.00035436603,0.0,-0.13732979,0.0,-0.0007238826,-0.0084021725,0.0012436687,0.0,-0.0003460301,0.003759127,0.00018699338,0.00011891942,0.0,0.0,0.0,0.0,0.00010557275
0.0,-0.0003488319,0.0,0.0030234326,-0.0072430656,-0.05858303,0.0,-0.00035436603,0.0,-0.1381796,0.0,-0.0007238826,-0.002292512,0.0012436687,0.0,-0.000522604,-0.0035016765,0.00018699338,0.00011891942,0.0,0.0,0.0,0.0,0.00010557275
0.0,0.009014375,0.0,-0.000753362,0.00326968,0.065418385,0.0,0.0020384404,0.0,0.13802731,0.0,-9.431872e-05,0.003011762,-0.0007194777,0.0,3.3583252e-05,-0.00068614306,0.00030090005,-0.00016925579,0.0,0.0,0.0,0.0,0.00010557275
0.0,-0.0008386152,0.0,0.0007676415,-0.0072430656,-0.058223635,0.0,-0.00035436603,0.0,-0.13848358,0.0,-0.0007238826,-0.002290906,0.0012436687,0.0,6.351549e-05,-0.0008255973,0.00018699338,0.00011891942,0.0,0.0,0.0,0.0,-0.00046808118
0.0,-0.0002339295,0.0,-0.0028811283,0.0033752343,-0.012662161,0.0,0.01415584,0.0,0.015255511,0.0,-0.0004799825,0.016627211,-0.000965227,0.0,-3.7031434e-05,-0.0006626048,0.00043610283,0.0003121309,0.0,0.0,0.0,0.0,0.0028501006
0.0,0.009014375,0.0,-0.0007298237,0.0012600082,0.061808757,0.0,0.0020384404,0.0,0.13452834,0.0,0.0040873997,0.007478738,-0.0007194777,0.0,-3.7031434e-05,-0.0006626048,0.00015681246,0.00011891942,0.0,0.0,0.0,0.0,0.00045459825
0.0,-0.00097208784,0.0,-0.0008680244,0.0021060742,-0.017725576,0.0,-0.005205496,0.0,-0.13420087,0.0,-0.00043124825,-0.002785374,-0.009245323,0.0,-7.003697e-05,-0.0007391213,0.00015681246,0.00011891942,0.0,0.0,0.0,0.0,0.00010557275
0.0,-0.0003488319,0.0,0.00085411745,-0.0072430656,-0.05858303,0.0,-0.00035436603,0.0,-0.13894019,0.0,-0.0007238826,-0.0025777328,0.0012436687,0.0,-7.003697e-05,-0.0007391213,0.00018699338,0.00011891942,0.0,0.0,0.0,0.0,0.00010557275
0.0,-0.00097208784,0.0,-0.0008940509,0.0021060742,-0.017725576,0.0,-0.005205496,0.0,-0.13335249,0.0,-0.00043124825,-0.001056979,-0.009245323,0.0,6.351549e-05,-0.002849778,0.00015681246,0.00011891942,0.0,0.0,0.0,0.0,-0.00046808118
0.0,-0.0002339295,0.0,-0.0007298237,0.0033752343,0.062299516,0.0,0.00096366386,0.0,0.14530438,0.0,-0.00027567576,0.007478738,0.0005846538,0.0,-3.7031434e-05,-0.0006626048,0.00015681246,0.00011891942,0.0,0.0,0.0,0.0,0.00045459825
0.0,-0.0003488319,0.0,0.0024806224,-0.0072430656,-0.05858303,0.0,-0.00035436603,0.0,-0.1379323,0.0,-0.0007238826,-0.0014542028,0.0012436687,0.0,-0.000522604,-0.004044486,0.00018699338,0.00011891942,0.0,0.0,0.0,0.0,0.00010557275
0.0,-0.0002339295,0.0,-0.0028811283,0.0021060742,-0.0060403696,0.0,0.01415584,0.0,0.007855296,0.0,-0.00043124825,-0.0034137033,-0.000965227,0.0,-3.7031434e-05,-0.0006626048,0.00043610283,0.0003121309,0.0,0.0,0.0,0.0,0.00027398457
0.0,-0.0008386152,0.0,-0.0008305985,-0.0072430656,-0.058223635,0.0,-0.00035436603,0.0,-0.13732979,0.0,-0.0007238826,-0.0084021725,0.0012436687,0.0,-0.0003460301,0.003759127,0.00018699338,0.00011891942,0.0,0.0,0.0,0.0,0.00010557275
0.0,-0.0003488319,0.0,0.0007676415,-0.0072430656,-0.05554629,0.0,-0.00074959133,0.0,-0.13890079,0.0,-0.0005912598,-0.0025777328,-0.0015304646,0.0,6.351549e-05,-0.0008255973,0.00018699338,0.00011891942,0.0,0.0,0.0,0.0,0.00010557275
0.0,-0.0002339295,0.0,-0.0028811283,0.0036199212,0.01319719,0.0,0.0020384404,0.0,0.007855296,0.0,0.0014579907,-0.0040094107,-0.0007194777,0.0,-3.7031434e-05,-0.0006626048,0.00043610283,0.0003121309,0.0,0.0,0.0,0.0,0.00027398457
0.0,-0.00097208784,0.0,0.0007676415,-0.0072430656,-0.055088956,0.0,-0.00074959133,0.0,-0.13873488,0.0,-0.0005912598,-0.0025777328,-0.0015304646,0.0,6.351549e-05,-0.0008255973,0.00018699338,0.00011891942,0.0,0.0,0.0,0.0,0.00010557275
0.0,-0.00097208784,0.0,0.00091456703,-0.0072430656,-0.055088956,0.0,-0.00074959133,0.0,-0.13825211,0.0,-0.0005912598,-0.0011361646,-0.0015304646,0.0,-7.003697e-05,-0.002763302,0.00018699338,0.00011891942,0.0,0.0,0.0,0.0,0.00010557275
0.0,-0.0003488319,0.0,0.0007676415,0.006157503,-0.04995934,0.0,-0.00074959133,0.0,-0.13890079,0.0,-0.00017875468,-0.006249612,-0.0015304646,0.0,6.351549e-05,-0.0008255973,0.00018699338,0.00011891942,0.0,0.0,0.0,0.0,0.00010557275
0.0,-0.0002339295,0.0,-0.0007298237,0.0033752343,0.06239625,0.0,0.0020384404,0.0,0.14530438,0.0,-0.00014305294,0.007478738,-0.0007194777,0.0,-3.7031434e-05,-0.0006626048,0.00015681246,0.00011891942,0.0,0.0,0.0,0.0,0.00045459825
0.0,-0.0003488319,0.0,-0.001588892,0.0136919,-0.041044023,0.0,-0.00074959133,0.0,-0.12866238,0.0,-0.00017875468,0.021356093,-0.0015304646,0.0,-0.0003460301,0.014053976,0.00015681246,0.00011891942,0.0,0.0,0.0,0.0,0.00010557275
0.0,-0.00097208784,0.0,-0.0008680244,0.0021060742,-0.017725576,0.0,-0.005205496,0.0,-0.13420087,0.0,-0.00043124825,-0.002785374,-0.009245323,0.0,-7.003697e-05,-0.0007391213,0.00015681246,0.00011891942,0.0,0.0,0.0,0.0,0.00010557275
0.0,-0.0003488319,0.0,-0.0008680244,0.006627496,-0.053231075,0.0,-0.00035436603,0.0,-0.13718787,0.0,-0.00031137755,-0.006484609,0.0012436687,0.0,-7.003697e-05,-0.0007391213,0.00015681246,0.00011891942,0.0,0.0,0.0,0.0,0.00010557275
0.0,-0.0001367922,0.0,-0.0032248877,0.006627496,-0.045256622,0.0,-0.00035436603,0.0,0.00918366,0.0,-0.00031137755,-0.005156375,0.0012436687,0.0,0.00010171174,0.0034896801,0.00043610283,0.0003121309,0.0,0.0,0.0,0.0,0.00027398457
0.0,-0.0003488319,0.0,0.00085411745,-0.0072430656,-0.05554629,0.0,-0.00074959133,0.0,-0.13894019,0.0,-0.0005912598,-0.0025777328,-0.0015304646,0.0,-7.003697e-05,-0.0007391213,0.00018699338,0.00011891942,0.0,0.0,0.0,0.0,0.00010557275
0.0,-0.0002339295,0.0,-0.0028811283,0.0027996865,-0.01141558,0.0,0.0031824762,0.0,0.007227021,0.0,-0.0017853137,0.0037336429,0.0007843517,0.0,-3.7031434e-05,-0.0006626048,0.00043610283,0.0003121309,0.0,0.0,0.0,0.0,-0.0012147739
0.0,-0.0003488319,0.0,0.0024806224,-0.0072430656,-0.05858303,0.0,-0.00035436603,0.0,-0.1377882,0.0,-0.0007238826,-0.0014542028,0.0012436687,0.0,-0.000522604,-0.004044486,0.00033108098,-0.00016925579,0.0,0.0,0.0,0.0,0.00010557275
0.0,-0.0002339295,0.0,-0.0029046668,0.0024563156,0.0003660106,0.0,0.00096366386,0.0,0.007831759,0.0,-0.015247473,-0.012600247,0.0010609839,0.0,3.3583252e-05,-0.00068614306,0.00043610283,0.0003121309,0.0,0.0,0.0,0.0,0.00027398457
0.0,-0.0008386152,0.0,0.00085411745,-0.0072430656,-0.058223635,0.0,-0.00035436603,0.0,-0.1388098,0.0,-0.0007238826,-0.0025777328,0.0012436687,0.0,-7.003697e-05,-0.0007391213,0.00018699338,0.00011891942,0.0,0.0,0.0,0.0,0.00010557275
0.0,-0.0002339295,0.0,0.0045351028,0.0016360807,-0.0058053746,0.0,0.01415584,0.0,0.011168785,0.0,-0.00043124825,-0.0010616706,-0.000965227,0.0,-3.7031434e-05,-0.0006626048,0.0006624266,0.0003121309,0.0,0.0,0.0,0.0,-0.0012147739
0.0,-0.0002339295,0.0,-0.0005053389,0.00326968,0.06389065,0.0,0.0020384404,0.0,0.15037489,0.0,-9.431872e-05,0.003011762,-0.0007194777,0.0,-3.7031434e-05,-0.0006626048,-0.0029303366,0.0012894961,0.0,0.0,0.0,0.0,0.00010557275
0.0,-0.00097208784,0.0,0.00013324997,-0.003749727,-0.0041154963,0.0,-0.001170285,0.0,-0.12699679,0.0,-0.001853259,0.00869856,0.0075128293,0.0,-0.0003460301,0.014053976,0.00033108098,-0.00016925579,0.0,0.0,0.0,0.0,-0.00046808118
0.0,-0.0002339295,0.0,-0.0032248877,0.00326968,-0.024973573,0.0,-0.005205496,0.0,0.0029071253,0.0,-0.00043124825,0.0023825127,-0.009245323,0.0,0.00010171174,0.0034896801,0.00043610283,0.0003121309,0.0,0.0,0.0,0.0,0.00027398457
0.0,-0.0002339295,0.0,0.0045186486,0.0016360807,-0.0054566613,0.0,0.0031824762,0.0,0.012109014,0.0,-0.0017853137,-0.0037861587,0.0007843517,0.0,-3.7031434e-05,-0.00035065186,0.0006624266,0.0003121309,0.0,0.0,0.0,0.0,0.00027398457
0.0,-0.0003488319,0.0,0.00048443425,-0.0072430656,-0.05858303,0.0,-0.00035436603,0.0,-0.13605976,0.0,-0.0007238826,-0.0025777328,0.0012436687,0.0,-7.003697e-05,-0.0007391213,-0.0034943237,0.0012894961,0.0,0.0,0.0,0.0,0.00010557275
0.0,-0.0003488319,0.0,0.00085411745,0.006157503,-0.052996077,0.0,-0.00035436603,0.0,-0.13894019,0.0,-0.00031137755,-0.006249612,0.0012436687,0.0,-7.003697e-05,-0.0007391213,0.00018699338,0.00011891942,0.0,0.0,0.0,0.0,0.00010557275
0.0,-0.0002339295,0.0,-0.0028811283,0.0021060742,-0.0056916564,0.0,0.0031824762,0.0,0.007855296,0.0,-0.0017853137,-0.0034137033,0.0007843517,0.0,-3.7031434e-05,-0.0006626048,0.00043610283,0.0003121309,0.0,0.0,0.0,0.0,0.00027398457
0.0,-0.0002339295,0.0,-0.0011977386,0.0027996867,0.06294122,0.0,0.0020384404,0.0,-0.009665122,0.0,-9.431872e-05,0.0037336429,-0.0007194777,0.0,-3.7031434e-05,-0.0006626048,-0.028340569,-0.012937874,0.0,0.0,0.0,0.0,-0.0012147739
0.0,-0.0002339295,0.0,-0.000753362,0.0012600082,0.060281023,0.0,0.0020384404,0.0,0.14936069,0.0,0.0040873997,0.0058690542,-0.0007194777,0.0,3.3583252e-05,-0.00068614306,0.00015681246,0.00011891942,0.0,0.0,0.0,0.0,-0.0020155665
0.0,-0.0003488319,0.0,0.0007676415,-0.0072430656,-0.05554629,0.0,-0.00074959133,0.0,-0.13890079,0.0,-0.0005912598,-0.0025777328,-0.0015304646,0.0,6.351549e-05,-0.0008255973,0.00018699338,0.00011891942,0.0,0.0,0.0,0.0,0.00010557275
0.0,-0.0003488319,0.0,-0.0008680244,0.006627496,-0.053231075,0.0,-0.00035436603,0.0,-0.13718787,0.0,-0.00031137755,-0.006484609,0.0012436687,0.0,-7.003697e-05,-0.0007391213,0.00015681246,0.00011891942,0.0,0.0,0.0,0.0,0.00010557275
0.0,-0.0002339295,0.0,-0.0028811283,0.0016360807,-0.0058053746,0.0,0.01415584,0.0,0.007855296,0.0,-0.00043124825,-0.0031787066,-0.000965227,0.0,-3.7031434e-05,-0.0006626048,0.00043610283,0.0003121309,0.0,0.0,0.0,0.0,0.00027398457
0.0,-0.0002339295,0.0,-0.0028975822,0.0016360807,-0.018779658,0.0,-0.005205496,0.0,0.008167249,0.0,-0.00043124825,-0.0037861587,-0.009245323,0.0,-3.7031434e-05,-0.00035065186,0.00043610283,0.0003121309,0.0,0.0,0.0,0.0,0.00027398457
0.0,-0.0001367922,0.0,-0.0028811283,0.0136919,-0.036106303,0.0,-0.00035436603,0.0,0.014131831,0.0,-0.00031137755,0.013747262,0.0012436687,0.0,-3.7031434e-05,-0.0006626048,0.00043610283,0.0003121309,0.0,0.0,0.0,0.0,0.00027398457
0.0,-0.0008386152,0.0,0.00082809106,-0.014592587,-0.05636473,0.0,-0.00035436603,0.0,-0.13824823,0.0,-0.0007238826,0.0043544504,0.0012436687,0.0,6.351549e-05,-0.002849778,0.00018699338,0.00011891942,0.0,0.0,0.0,0.0,0.00010557275
0.0,-0.0002339295,0.0,-0.0029046668,0.006627496,-0.056734122,0.0,-0.00035436603,0.0,0.007831759,0.0,-0.00031137755,-0.0072627077,0.0012436687,0.0,3.3583252e-05,-0.00068614306,0.00043610283,0.0003121309,0.0,0.0,0.0,0.0,0.00027398457
0.0,0.009014375,0.0,0.0045186486,0.0016360807,-0.004277641,0.0,0.01415584,0.0,0.0013329759,0.0,-0.00043124825,-0.0037861587,-0.000965227,0.0,-3.7031434e-05,-0.00035065186,0.0006624266,0.0003121309,0.0,0.0,0.0,0.0,0.00027398457
0.0,-0.0003488319,0.0,0.00091456703,0.006157503,-0.052996077,0.0,-0.00035436603,0.0,-0.1381312,0.0,-0.00031137755,-0.0045212167,0.0012436687,0.0,-7.003697e-05,-0.002763302,0.00018699338,0.00011891942,0.0,0.0,0.0,0.0,-0.00046808118
0.0,-0.0002339295,0.0,-0.0010735828,0.0040851943,0.030381832,0.0,-0.00035436603,0.0,0.14035621,0.0,0.0043644095,0.022136183,0.0012436687,0.0,0.00010171174,0.0034896801,0.00015681246,0.00011891942,0.0,0.0,0.0,0.0,0.00045459825
0.0,-0.0003488319,0.0,0.00091456703,0.006157503,-0.052996077,0.0,-0.00035436603,0.0,-0.13827394,0.0,-0.00031137755,-0.004808044,0.0012436687,0.0,-7.003697e-05,-0.002763302,0.00033108098,-0.00016925579,0.0,0.0,0.0,0.0,0.00010557275
0.0,-0.00097208784,0.0,0.00091456703,0.013221907,-0.046059735,0.0,-0.00035436603,0.0,-0.13543102,0.0,-0.00031137755,0.014946726,0.0012436687,0.0,-7.003697e-05,-0.002763302,0.00018699338,0.00011891942,0.0,0.0,0.0,0.0,0.00010557275
0.0,-0.0003488319,0.0,-0.0008305985,-0.0072430656,-0.05554629,0.0,-0.00074959133,0.0,-0.13746017,0.0,-0.0005912598,-0.0084021725,-0.0015304646,0.0,-0.0003460301,0.003759127,0.00018699338,0.00011891942,0.0,0.0,0.0,0.0,0.00010557275
0.0,0.009014375,0.0,-0.0007298237,0.0012600082,0.065407775,0.0,-0.00074959133,0.0,0.13860819,0.0,0.0040873997,0.0058690542,-0.0015304646,0.0,-3.7031434e-05,-0.0006626048,0.00015681246,0.00011891942,0.0,0.0,0.0,0.0,-0.0020155665
0.0,0.009014375,0.0,-0.0007298237,0.0033752343,0.064486265,0.0,-0.00035436603,0.0,0.13452834,0.0,-0.00027567576,0.007478738,0.0012436687,0.0,-3.7031434e-05,-0.0006626048,0.00015681246,0.00011891942,0.0,0.0,0.0,0.0,0.00045459825
0.0,-0.0003488319,0.0,0.0007676415,-0.0072430656,-0.05858303,0.0,-0.00035436603,0.0,-0.13890079,0.0,-0.0007238826,-0.0025777328,0.0012436687,0.0,6.351549e-05,-0.0008255973,0.00018699338,0.00011891942,0.0,0.0,0.0,0.0,0.00010557275
0.0,-0.0008386152,0.0,-0.0008680244,0.006627496,-0.05287168,0.0,-0.00035436603,0.0,-0.13705748,0.0,-0.00031137755,-0.006484609,0.0012436687,0.0,-7.003697e-05,-0.0007391213,0.00015681246,0.00011891942,0.0,0.0,0.0,0.0,0.00010557275
0.0,-0.0008386152,0.0,0.00013324997,-0.0072430656,-0.058223635,0.0,-0.00035436603,0.0,-0.13028431,0.0,-0.0007238826,0.005358429,0.0012436687,0.0,-0.0003460301,0.014053976,0.00018699338,0.00011891942,0.0,0.0,0.0,0.0,0.00010557275
0.0,-0.0002339295,0.0,-0.0007298237,0.00620042,0.032497056,0.0,-0.00035436603,0.0,0.14530438,0.0,0.00013395699,0.02113528,0.0012436687,0.0,-3.7031434e-05,-0.0006626048,0.00015681246,0.00011891942,0.0,0.0,0.0,0.0,0.00045459825
0.0,0.037459012,0.0,0.00091456703,-0.0072430656,-0.045286655,0.0,-0.00074959133,0.0,-0.11955853,0.0,-0.0005912598,-0.00084933767,-0.0015304646,0.0,-7.003697e-05,-0.002763302,0.00018699338,0.00011891942,0.0,0.0,0.0,0.0,-0.00046808118
0.0,-0.0002339295,0.0,-0.0028811283,0.00326968,-0.014026293,0.0,-0.001170285,0.0,0.0075311777,0.0,-0.0017853137,0.0013816103,0.0075128293,0.0,-3.7031434e-05,-0.0006626048,0.001516602,-0.00044425012,0.0,0.0,0.0,0.0,0.00027398457
0.0,-0.0002339295,0.0,-0.0029046668,0.0021060742,-0.0056916564,0.0,0.0031824762,0.0,0.007203483,0.0,-0.0017853137,-0.0012966673,0.0007843517,0.0,3.3583252e-05,-0.00068614306,0.00043610283,0.0003121309,0.0,0.0,0.0,0.0,-0.0012147739
0.0,-0.0008386152,0.0,0.00085411745,-0.0072430656,-0.058223635,0.0,-0.00035436603,0.0,-0.1388098,0.0,-0.0007238826,-0.0025777328,0.0012436687,0.0,-7.003697e-05,-0.0007391213,0.00018699338,0.00011891942,0.0,0.0,0.0,0.0,0.00010557275
0.0,-0.0001367922,0.0,0.004511565,0.013221907,-0.035871312,0.0,-0.00035436603,0.0,0.018050058,0.0,-0.00031137755,0.013982259,0.0012436687,0.0,3.3583252e-05,-0.00068614306,0.0006624266,0.0003121309,0.0,0.0,0.0,0.0,0.00027398457
0.0,-0.0002339295,0.0,-0.0028811283,0.0016360807,-0.0058053746,0.0,0.01415584,0.0,0.007855296,0.0,-0.00043124825,-0.0031787066,-0.000965227,0.0,-3.7031434e-05,-0.0006626048,0.00043610283,0.0003121309,0.0,0.0,0.0,0.0,0.00027398457
0.0,-0.0002339295,0.0,-0.0028975822,0.0024563156,0.01915611,0.0,0.0020384404,0.0,0.00784313,0.0,0.0014579907,-0.009412177,-0.0007194777,0.0,-3.7031434e-05,-0.00035065186,0.001516602,-0.00044425012,0.0,0.0,0.0,0.0,0.00027398457
0.0,-0.0003488319,0.0,0.00091456703,-0.0072430656,-0.05554629,0.0,-0.00074959133,0.0,-0.13841802,0.0,-0.0005912598,-0.0011361646,-0.0015304646,0.0,-7.003697e-05,-0.002763302,0.00018699338,0.00011891942,0.0,0.0,0.0,0.0,0.00010557275
0.0,-0.0002339295,0.0,-0.0028811283,0.0020749508,-0.012793586,0.0,-0.001170285,0.0,0.015255511,0.0,-0.001834048,0.016031917,0.0075128293,0.0,-3.7031434e-05,-0.0006626048,0.00043610283,0.0003121309,0.0,0.0,0.0,0.0,0.0028501006
0.0,0.009014375,0.0,-0.0007298237,0.0033752343,0.06382725,0.0,0.00096366386,0.0,0.13452834,0.0,-0.00027567576,0.007478738,0.0005846538,0.0,-3.7031434e-05,-0.0006626048,0.00015681246,0.00011891942,0.0,0.0,0.0,0.0,0.00045459825
0.0,-0.0002339295,0.0,-0.0028811283,-0.00076867343,0.0036667702,0.0,-0.00074959133,0.0,0.007227021,0.0,-0.016177354,-0.004738224,-0.0021166385,0.0,-3.7031434e-05,-0.0006626048,0.00043610283,0.0003121309,0.0,0.0,0.0,0.0,-0.0012147739
0.0,-0.0002339295,0.0,-0.0007298237,0.0033752343,0.06239625,0.0,0.0020384404,0.0,0.14530438,0.0,-0.00014305294,0.007478738,-0.0007194777,0.0,-3.7031434e-05,-0.0006626048,0.00015681246,0.00011891942,0.0,0.0,0.0,0.0,0.00045459825
0.0,-0.0002339295,0.0,-0.0029046668,0.00326968,-0.024973573,0.0,-0.005205496,0.0,0.007831759,0.0,-0.00043124825,0.0013816103,-0.009245323,0.0,3.3583252e-05,-0.00068614306,0.00043610283,0.0003121309,0.0,0.0,0.0,0.0,0.00027398457
0.0,-0.00097208784,0.0,0.0007676415,-0.0072430656,-0.058125693,0.0,-0.00035436603,0.0,-0.13859078,0.0,-0.0007238826,-0.0025777328,0.0012436687,0.0,6.351549e-05,-0.0008255973,0.00033108098,-0.00016925579,0.0,0.0,0.0,0.0,0.00010557275
0.0,-0.00097208784,0.0,-0.0013644071,0.0016360807,-0.017490579,0.0,-0.005205496,0.0,-0.118165925,0.0,-0.00043124825,0.005385785,-0.009245323,0.0,-0.0003460301,0.014053976,-0.0056228847,-0.0018353157,0.0,0.0,0.0,0.0,0.00010557275
0.0,-0.0003488319,0.0,0.00082809106,0.006157503,-0.04995934,0.0,-0.00074959133,0.0,-0.13837862,0.0,-0.00017875468,-0.004808044,-0.0015304646,0.0,6.351549e-05,-0.002849778,0.00018699338,0.00011891942,0.0,0.0,0.0,0.0,0.00010557275
0.0,-0.0002339295,0.0,-0.0005053389,0.0012600082,0.060281023,0.0,0.0020384404,0.0,0.15107632,0.0,0.0040873997,0.0058690542,-0.0007194777,0.0,-3.7031434e-05,-0.0006626048,-0.0029303366,0.0012894961,0.0,0.0,0.0,0.0,-0.0020155665
0.0,-0.00097208784,0.0,-0.0008680244,0.0021060742,-0.014122067,0.0,-0.005205496,0.0,-0.13391405,0.0,0.0021052742,-0.0026538018,-0.015230101,0.0,-7.003697e-05,-0.0007391213,0.00015681246,0.00011891942,0.0,0.0,0.0,0.0,-0.00046808118
0.0,-0.0003488319,0.0,0.00048443425,-0.0072430656,-0.05554629,0.0,-0.00074959133,0.0,-0.13605976,0.0,-0.0005912598,-0.0025777328,-0.0015304646,0.0,-7.003697e-05,-0.0007391213,-0.0034943237,0.0012894961,0.0,0.0,0.0,0.0,0.00010557275
0.0,-0.0003488319,0.0,0.00085411745,-0.0072430656,-0.05554629,0.0,-0.00074959133,0.0,-0.13865337,0.0,-0.0005912598,-0.002290906,-0.0015304646,0.0,-7.003697e-05,-0.0007391213,0.00018699338,0.00011891942,0.0,0.0,0.0,0.0,-0.00046808118
0.0,-0.00097208784,0.0,0.00091456703,0.0016360807,-0.017490579,0.0,-0.005205496,0.0,-0.13543102,0.0,-0.00043124825,-0.0011088091,-0.009245323,0.0,-7.003697e-05,-0.002763302,0.00018699338,0.00011891942,0.0,0.0,0.0,0.0,0.00010557275
